lat,lon,solar_ghi_raw,depth_m,distance_to_corridor_km,corr_score_raw,wind_ws100m,safety_index,valid_ocean_point,solar_norm,depth_score_raw,depth_norm,corridor_norm,wind_norm,safety_norm,H2_hub_score,Tier
-10.0,55.0,5.5,-3217.02648138986,1903.246060461133,0.0085817695013885,7.276875569425521,0.75,True,0.0,1.0,1.0,0.0072612276930634,0.0,0.7252747252747253,36.84852125715798,4
-10.0,56.0,5.5,-4018.717638629035,1893.5551106737469,0.0087922223102577,7.276875569425521,0.75,True,0.0,1.0,1.0,0.0074719608192843,0.0,0.7252747252747253,36.8527359196824,4
-10.0,57.0,5.5,-3658.676046422488,1890.3137529574988,0.0088637586062828,7.276875569425521,0.75,True,0.0,1.0,1.0,0.0075435923996877,0.0,0.7252747252747253,36.85416855129046,4
-10.0,58.0,5.5,-3976.20187792752,1893.5551106737469,0.0087922223102577,7.276875569425521,0.75,True,0.0,1.0,1.0,0.0074719608192843,0.0,0.7252747252747253,36.8527359196824,4
-10.0,59.0,5.5,-4040.618037176949,1903.246060461133,0.0085817695013885,7.276875569425521,0.75,True,0.0,1.0,1.0,0.0072612276930634,0.0,0.7252747252747253,36.84852125715798,4
-10.0,60.0,5.5,-3816.670888866173,1919.2889018550609,0.0082443904559375,7.276875569425521,0.875,True,0.0,1.0,1.0,0.0069233992680054,0.0,1.0,40.13846798536011,2
-10.0,61.0,5.5,-4067.306186545908,1941.5261736441,0.0077985657990462,7.276875569425521,0.875,True,0.0,1.0,1.0,0.0064769807849362,0.0,1.0,40.129539615698725,2
-10.0,62.0,5.5,-4733.220412788994,1969.748078385334,0.007267301814837,7.276875569425521,0.875,True,0.0,1.0,1.0,0.0059450091717155,0.0,1.0,40.11890018343431,2
-10.0,63.0,5.5,-3619.798791182995,2003.7017352221224,0.0066758793999987,7.276875569425521,0.875,True,0.0,1.0,1.0,0.0053527989984912,0.0,1.0,40.10705597996982,2
-10.0,64.0,5.5,-4296.420498930942,2043.101379714936,0.0060496585334315,7.276875569425521,0.875,True,0.0,1.0,1.0,0.0047257440229575,0.0,1.0,40.09451488045915,2
-10.0,65.0,5.5,-4742.111557053743,1997.4901093897104,0.0067803586955947,7.276875569425521,0.875,True,0.0,1.0,1.0,0.0054574174576345,0.0,1.0,40.1091483491527,2
-10.0,66.0,5.5,-3869.187887299872,1906.588886012196,0.0085103499500229,7.276875569425521,0.875,True,0.0,1.0,1.0,0.0071897130128202,0.0,1.0,40.14379426025641,2
-10.0,67.0,5.5,-4181.74801859105,1817.874195681233,0.0106235134005497,7.276875569425521,0.875,True,0.0,1.0,1.0,0.0093056911389283,0.0,1.0,40.186113822778566,2
-10.0,68.0,5.5,-3126.084511418355,1731.6823650492397,0.013178007825987,7.276875569425521,0.875,True,0.0,1.0,1.0,0.0118635880806642,0.0,1.0,40.237271761613286,2
-10.0,69.0,5.5,-3682.379889232489,1648.4094225416245,0.0162278957724974,7.276875569425521,0.875,True,0.0,1.0,1.0,0.0149175383940145,0.0,1.0,40.29835076788029,2
-10.0,70.0,5.5,-3403.026023244972,1568.520556798576,0.0198152904968318,7.276875569425521,0.875,True,0.0,1.0,1.0,0.0185097114294296,0.0,1.0,40.3701942285886,2
-10.0,71.0,5.5,-3050.53076937027,1492.5594798050538,0.0239593005272953,7.276875569425521,0.875,True,0.0,1.0,1.0,0.0226592411672487,0.0,1.0,40.45318482334498,2
-10.0,72.0,5.5,-3475.1075036186867,1421.1563604337327,0.0286417194770801,7.276875569425521,0.875,True,0.0,1.0,1.0,0.0273478969702575,0.0,1.0,40.546957939405154,2
-10.0,73.0,5.5,-3191.6479753142007,1355.0321249908343,0.0337903401243792,7.276875569425521,0.875,True,0.0,1.0,1.0,0.0325033754386162,0.0,1.0,40.65006750877233,2
-10.0,74.0,5.5,-4559.763238972799,1294.995844631437,0.0392623351975247,7.276875569425521,0.875,True,0.0,1.0,1.0,0.0379826590586603,0.0,1.0,40.75965318117321,2
-10.0,75.0,5.5,-3199.9259219636133,1241.9308886663423,0.0448322639340095,7.276875569425521,0.875,True,0.0,1.0,1.0,0.043560006786989,0.0,1.0,40.87120013573978,2
-10.0,76.0,5.5,-3750.340864870744,1196.765089588218,0.050191342667952,7.276875569425521,0.875,True,0.0,1.0,1.0,0.0489262236663725,0.0,1.0,40.978524473327454,2
-10.0,77.0,5.5,-4002.6234809068505,1160.421283191035,0.0549652996685525,7.276875569425521,0.875,True,0.0,1.0,1.0,0.0537065394463625,0.0,1.0,41.074130788927256,2
-10.0,78.0,5.5,-4406.712737501111,1133.7482833545084,0.0587554885386903,7.276875569425521,0.875,True,0.0,1.0,1.0,0.0575017767438043,0.0,1.0,41.15003553487609,2
-10.0,79.0,5.5,-4946.044051198127,1117.4388924988436,0.0612006645264727,7.276875569425521,0.875,True,0.0,1.0,1.0,0.0599502096387336,0.0,1.0,41.19900419277467,2
-10.0,80.0,5.5,-3656.537204146236,1111.9492664455872,0.0620463764613552,7.276875569425521,0.875,True,0.0,1.0,1.0,0.0607970480386473,0.0,1.0,41.21594096077296,2
-10.0,81.0,5.5,-3850.109187653046,1117.4388924988436,0.0612006645264727,7.276875569425521,0.875,True,0.0,1.0,1.0,0.0599502096387336,0.0,1.0,41.19900419277467,2
-10.0,82.0,5.5,-4370.734515495947,1133.7482833545084,0.0587554885386903,7.276875569425521,0.875,True,0.0,1.0,1.0,0.0575017767438043,0.0,1.0,41.15003553487609,2
-10.0,83.0,5.5,-3201.7650993600755,1160.421283191035,0.0549652996685525,7.276875569425521,0.875,True,0.0,1.0,1.0,0.0537065394463625,0.0,1.0,41.074130788927256,2
-10.0,84.0,5.5,-3317.064047004176,1196.765089588218,0.050191342667952,7.276875569425521,0.875,True,0.0,1.0,1.0,0.0489262236663725,0.0,1.0,40.978524473327454,2
-10.0,85.0,5.5,-4198.188671686803,1241.9308886663423,0.0448322639340095,7.276875569425521,0.875,True,0.0,1.0,1.0,0.043560006786989,0.0,1.0,40.87120013573978,2
-10.0,86.0,5.5,-4123.055027052516,1294.995844631437,0.0392623351975247,7.276875569425521,0.875,True,0.0,1.0,1.0,0.0379826590586603,0.0,1.0,40.75965318117321,2
-10.0,87.0,5.5,-4208.0788386473,1355.0321249908343,0.0337903401243792,7.276875569425521,0.875,True,0.0,1.0,1.0,0.0325033754386162,0.0,1.0,40.65006750877233,2
-10.0,88.0,5.5,-4151.380612178945,1421.1563604337327,0.0286417194770801,7.276875569425521,0.875,True,0.0,1.0,1.0,0.0273478969702575,0.0,1.0,40.546957939405154,2
-10.0,89.0,5.5,-3915.770640379722,1492.5594798050538,0.0239593005272953,7.276875569425521,0.875,True,0.0,1.0,1.0,0.0226592411672487,0.0,1.0,40.45318482334498,2
-10.0,90.0,5.5,-3599.8728306352223,1568.520556798576,0.0198152904968318,7.276875569425521,0.875,True,0.0,1.0,1.0,0.0185097114294296,0.0,1.0,40.3701942285886,2
-10.0,91.0,5.5,-4005.3032748530495,1648.4094225416245,0.0162278957724974,7.276875569425521,0.875,True,0.0,1.0,1.0,0.0149175383940145,0.0,1.0,40.29835076788029,2
-10.0,92.0,5.5,-3291.9287132504837,1731.6823650492397,0.013178007825987,7.276875569425521,0.875,True,0.0,1.0,1.0,0.0118635880806642,0.0,1.0,40.237271761613286,2
-10.0,93.0,5.5,-3532.8254170283344,1782.563434481631,0.0116039631749837,7.276875569425521,0.875,True,0.0,1.0,1.0,0.010287446845489,0.0,1.0,40.20574893690978,2
-10.0,94.0,5.5,-3636.231806113913,1779.1188263129395,0.0117043224435784,7.276875569425521,0.875,True,0.0,1.0,1.0,0.0103879397898685,0.0,1.0,40.207758795797375,2
-10.0,95.0,5.5,-4486.266180371564,1782.563434481631,0.0116039631749837,7.276875569425521,0.875,True,0.0,1.0,1.0,0.010287446845489,0.0,1.0,40.20574893690978,2
-10.0,96.0,5.5,-4298.599918987323,1792.8575481261644,0.0113091418132333,7.276875569425521,0.875,True,0.0,1.0,1.0,0.0099922327897954,0.0,1.0,40.19984465579592,2
-10.0,97.0,5.5,-4153.091574789201,1809.8842889476664,0.0108378491303356,7.276875569425521,0.875,True,0.0,1.0,1.0,0.0095203123580098,0.0,1.0,40.1904062471602,2
-10.0,98.0,5.5,-3709.255546538069,1833.4560820775905,0.01021763423157,7.276875569425521,0.875,True,0.0,1.0,1.0,0.0088992713500616,0.0,1.0,40.17798542700123,2
-10.0,99.0,5.5,-4122.930324570193,1863.324533684381,0.0094824615977569,7.276875569425521,0.875,True,0.0,1.0,1.0,0.0081631194865255,0.0,1.0,40.16326238973051,2
-10.0,100.0,5.5,-4300.509482790702,1899.192563281196,0.0086691770825409,7.276875569425521,0.875,True,0.0,1.0,1.0,0.0073487516987093,0.0,1.0,40.14697503397419,2
-9.0,55.0,5.5,-4914.538621671947,1792.870312845963,0.0113087809239256,7.276875569425521,0.75,True,0.0,1.0,1.0,0.0099918714197931,0.0,0.7252747252747253,36.90313413169257,4
-9.0,56.0,5.5,-3780.455645229512,1782.566643855418,0.0116038700717191,7.276875569425521,0.75,True,0.0,1.0,1.0,0.0102873536182134,0.0,0.7252747252747253,36.909043775660976,4
-9.0,57.0,5.5,-3812.2610509439614,1779.1188263129395,0.0117043224435784,7.276875569425521,0.75,True,0.0,1.0,1.0,0.0103879397898685,0.0,0.7252747252747253,36.91105549909408,4
-9.0,58.0,5.5,-4223.1584596916255,1782.566643855418,0.0116038700717191,7.276875569425521,0.75,True,0.0,1.0,1.0,0.0102873536182134,0.0,0.7252747252747253,36.909043775660976,4
-9.0,59.0,5.5,-4692.671208574717,1792.870312845963,0.0113087809239256,7.276875569425521,0.75,True,0.0,1.0,1.0,0.0099918714197931,0.0,0.7252747252747253,36.90313413169257,4
-9.0,60.0,5.5,-3684.242850836162,1809.9127428486584,0.0108370782100402,7.276875569425521,0.875,True,0.0,1.0,1.0,0.0095195404108698,0.0,1.0,40.190390808217394,2
-9.0,61.0,5.5,-4146.977852732258,1833.50602500227,0.0102163585648677,7.276875569425521,0.875,True,0.0,1.0,1.0,0.0088979939842064,0.0,1.0,40.17795987968413,2
-9.0,62.0,5.5,-3169.0235320999404,1863.401335564376,0.0094806410953408,7.276875569425521,0.875,True,0.0,1.0,1.0,0.0081612965592502,0.0,1.0,40.16322593118501,2
-9.0,63.0,5.5,-4614.635936619832,1899.3010986486688,0.0086668251208433,7.276875569425521,0.875,True,0.0,1.0,1.0,0.0073463966042634,0.0,1.0,40.14692793208527,2
-9.0,64.0,5.5,-4852.060066136157,1940.872137736274,0.0078113275846909,7.276875569425521,0.875,True,0.0,1.0,1.0,0.0064897595689282,0.0,1.0,40.12979519137857,2
-9.0,65.0,5.5,-3197.263274675277,1939.1895571846349,0.0078442547591094,7.276875569425521,0.875,True,0.0,1.0,1.0,0.0065227306014373,0.0,1.0,40.13045461202875,2
-9.0,66.0,5.5,-4889.519202470074,1845.2290820266733,0.0099212862373574,7.276875569425521,0.875,True,0.0,1.0,1.0,0.0086025286284735,0.0,1.0,40.17205057256948,2
-9.0,67.0,5.5,-3860.103710155567,1753.2269069641743,0.012486998856674,7.276875569425521,0.875,True,0.0,1.0,1.0,0.0111716587064142,0.0,1.0,40.22343317412829,2
-9.0,68.0,5.5,-4745.889175132666,1663.5081871992545,0.0156267597141075,7.276875569425521,0.875,True,0.0,1.0,1.0,0.0143156016389325,0.0,1.0,40.28631203277865,2
-9.0,69.0,5.5,-4092.397663747068,1576.463034964578,0.0194257147621822,7.276875569425521,0.875,True,0.0,1.0,1.0,0.018119616790619,0.0,1.0,40.36239233581238,2
-9.0,70.0,5.5,-3963.398714131892,1492.559479805054,0.0239593005272953,7.276875569425521,0.875,True,0.0,1.0,1.0,0.0226592411672487,0.0,1.0,40.45318482334498,2
-9.0,71.0,5.5,-3568.2818787382143,1412.357715177467,0.029278720548915,7.276875569425521,0.875,True,0.0,1.0,1.0,0.0279857465099958,0.0,1.0,40.55971493019992,2
-9.0,72.0,5.5,-4946.863405970833,1336.5244928597976,0.0353905220939509,7.276875569425521,0.875,True,0.0,1.0,1.0,0.0341056888065491,0.0,1.0,40.68211377613098,2
-9.0,73.0,5.5,-4805.324359979573,1265.845345080562,0.0422304665315289,7.276875569425521,0.875,True,0.0,1.0,1.0,0.0409547438619457,0.0,1.0,40.81909487723892,2
-9.0,74.0,5.5,-3308.1141949812363,1201.2305530504304,0.0496341396499705,7.276875569425521,0.875,True,0.0,1.0,1.0,0.0483682784693002,0.0,1.0,40.967365569386,2
-9.0,75.0,5.5,-3771.8842768182753,1143.7085530864772,0.0573105024792214,7.276875569425521,0.875,True,0.0,1.0,1.0,0.0560548660026569,0.0,1.0,41.12109732005314,2
-9.0,76.0,5.5,-3237.215517146912,1094.398441450539,0.0648293981320226,7.276875569425521,0.875,True,0.0,1.0,1.0,0.0635837766176169,0.0,1.0,41.27167553235234,2
-9.0,77.0,5.5,-4028.5354703153807,1054.4530084234973,0.0716377921415829,7.276875569425521,0.875,True,0.0,1.0,1.0,0.0704012392206935,0.0,1.0,41.40802478441387,2
-9.0,78.0,5.5,-4606.528250062984,1024.9678152753809,0.0771179247666182,7.276875569425521,0.875,True,0.0,1.0,1.0,0.0758886712316226,0.0,1.0,41.51777342463245,2
-9.0,79.0,5.5,-3413.787080181108,1006.8623035090612,0.0806887790363239,7.276875569425521,0.875,True,0.0,1.0,1.0,0.0794642817809786,0.0,1.0,41.589285635619575,2
-9.0,80.0,5.5,-4748.674883958425,1000.7543398010286,0.0819303445430707,7.276875569425521,0.875,True,0.0,1.0,1.0,0.0807075010188239,0.0,1.0,41.61415002037648,2
-9.0,81.0,5.5,-4421.650145999705,1006.8623035090612,0.0806887790363239,7.276875569425521,0.875,True,0.0,1.0,1.0,0.0794642817809786,0.0,1.0,41.589285635619575,2
-9.0,82.0,5.5,-4339.383278560705,1024.9678152753809,0.0771179247666182,7.276875569425521,0.875,True,0.0,1.0,1.0,0.0758886712316226,0.0,1.0,41.51777342463245,2
-9.0,83.0,5.5,-4202.08069592474,1054.4530084234973,0.0716377921415829,7.276875569425521,0.875,True,0.0,1.0,1.0,0.0704012392206935,0.0,1.0,41.40802478441387,2
-9.0,84.0,5.5,-4008.018903045664,1094.398441450539,0.0648293981320226,7.276875569425521,0.875,True,0.0,1.0,1.0,0.0635837766176169,0.0,1.0,41.27167553235234,2
-9.0,85.0,5.5,-3742.007256885508,1143.7085530864772,0.0573105024792214,7.276875569425521,0.875,True,0.0,1.0,1.0,0.0560548660026569,0.0,1.0,41.12109732005314,2
-9.0,86.0,5.5,-4193.503463901617,1201.2305530504304,0.0496341396499705,7.276875569425521,0.875,True,0.0,1.0,1.0,0.0483682784693002,0.0,1.0,40.967365569386,2
-9.0,87.0,5.5,-4889.885511524753,1265.845345080562,0.0422304665315289,7.276875569425521,0.875,True,0.0,1.0,1.0,0.0409547438619457,0.0,1.0,40.81909487723892,2
-9.0,88.0,5.5,-4631.700791250636,1336.5244928597976,0.0353905220939509,7.276875569425521,0.875,True,0.0,1.0,1.0,0.0341056888065491,0.0,1.0,40.68211377613098,2
-9.0,89.0,5.5,-3878.393260432117,1412.357715177467,0.029278720548915,7.276875569425521,0.875,True,0.0,1.0,1.0,0.0279857465099958,0.0,1.0,40.55971493019992,2
-9.0,90.0,5.5,-4244.589669985255,1492.559479805054,0.0239593005272953,7.276875569425521,0.875,True,0.0,1.0,1.0,0.0226592411672487,0.0,1.0,40.45318482334498,2
-9.0,91.0,5.5,-4007.731996868,1576.463034964578,0.0194257147621822,7.276875569425521,0.875,True,0.0,1.0,1.0,0.018119616790619,0.0,1.0,40.36239233581238,2
-9.0,92.0,5.5,-3796.305704585945,1663.5081871992545,0.0156267597141075,7.276875569425521,0.875,True,0.0,1.0,1.0,0.0143156016389325,0.0,1.0,40.28631203277865,2
-9.0,93.0,5.5,-4463.292996477847,1671.6025770844938,0.0153137150639345,7.276875569425521,0.875,True,0.0,1.0,1.0,0.0140021400218976,0.0,1.0,40.280042800437954,2
-9.0,94.0,5.5,-4284.35751558761,1667.923899668381,0.0154552002088766,7.276875569425521,0.875,True,0.0,1.0,1.0,0.0141438136211604,0.0,1.0,40.28287627242321,2
-9.0,95.0,5.5,-3446.3693449975917,1671.6025770844938,0.0153137150639345,7.276875569425521,0.875,True,0.0,1.0,1.0,0.0140021400218976,0.0,1.0,40.280042800437954,2
-9.0,96.0,5.5,-3025.0052293156864,1682.590351427088,0.0148987810430624,7.276875569425521,0.875,True,0.0,1.0,1.0,0.0135866533203248,0.0,1.0,40.2717330664065,2
-9.0,97.0,5.5,-4886.108135810923,1700.7455598668662,0.0142376715706207,7.276875569425521,0.875,True,0.0,1.0,1.0,0.0129246632682536,0.0,1.0,40.25849326536508,2
-9.0,98.0,5.5,-4009.933565327845,1725.8420111107814,0.0133718299446414,7.276875569425521,0.875,True,0.0,1.0,1.0,0.0120576683650484,0.0,1.0,40.24115336730097,2
-9.0,99.0,5.5,-4872.130922779414,1757.582375353167,0.0123517696042058,7.276875569425521,0.875,True,0.0,1.0,1.0,0.011036249332302,0.0,1.0,40.22072498664605,2
-9.0,100.0,5.5,-3059.130657390549,1795.614344394308,0.0112314672868806,7.276875569425521,0.875,True,0.0,1.0,1.0,0.0099144548031105,0.0,1.0,40.19828909606221,2
-8.0,55.0,5.5,-4997.71866123722,1682.5994069018072,0.0148984437580425,7.276875569425521,0.75,True,0.0,1.0,1.0,0.0135863155860506,0.0,0.7252747252747253,36.97502301501772,4
-8.0,56.0,5.5,-3445.440869905293,1671.6048556655946,0.0153136278303286,7.276875569425521,0.75,True,0.0,1.0,1.0,0.0140020526720989,0.0,0.7252747252747253,36.983337756738685,4
-8.0,57.0,5.5,-4446.884668092832,1667.923899668381,0.0154552002088766,7.276875569425521,0.75,True,0.0,1.0,1.0,0.0141438136211604,0.0,0.7252747252747253,36.98617297571992,4
-8.0,58.0,5.5,-3629.5422857056265,1671.6048556655946,0.0153136278303286,7.276875569425521,0.75,True,0.0,1.0,1.0,0.0140020526720989,0.0,0.7252747252747253,36.983337756738685,4
-8.0,59.0,5.5,-4963.928572211496,1682.5994069018072,0.0148984437580425,7.276875569425521,0.75,True,0.0,1.0,1.0,0.0135863155860506,0.0,0.7252747252747253,36.97502301501772,4
-8.0,60.0,5.5,-4289.659290833776,1700.7657196729256,0.0142369540169591,7.276875569425521,0.875,True,0.0,1.0,1.0,0.0129239447588302,0.0,1.0,40.25847889517661,2
-8.0,61.0,5.5,-3282.5797674119344,1725.8773357089872,0.0133706491104826,7.276875569425521,0.875,True,0.0,1.0,1.0,0.012056485958051,0.0,1.0,40.24112971916102,2
-8.0,62.0,5.5,-4534.681390506378,1757.6365853447348,0.0123500957443181,7.276875569425521,0.875,True,0.0,1.0,1.0,0.0110345732428789,0.0,1.0,40.22069146485758,2
-8.0,63.0,5.5,-3227.817330565756,1795.690774232155,0.0112293214438363,7.276875569425521,0.875,True,0.0,1.0,1.0,0.0099123061018624,0.0,1.0,40.19824612203725,2
-8.0,64.0,5.5,-4732.737022518888,1839.64928697066,0.0100606528838368,7.276875569425521,0.875,True,0.0,1.0,1.0,0.0087420809074919,0.0,1.0,40.17484161814984,2
-8.0,65.0,5.5,-4847.11204098316,1839.64928697066,0.0100606528838368,7.276875569425521,0.875,True,0.0,1.0,1.0,0.0087420809074919,0.0,1.0,40.17484161814984,2
-8.0,66.0,5.5,-4949.647446234766,1788.543883544074,0.0114317614108695,7.276875569425521,0.875,True,0.0,1.0,1.0,0.0101150157133624,0.0,1.0,40.20230031426725,2
-8.0,67.0,5.5,-4156.610772441819,1693.293010023536,0.0145054255299974,7.276875569425521,0.875,True,0.0,1.0,1.0,0.013192773868538,0.0,1.0,40.26385547737076,2
-8.0,68.0,5.5,-3544.534574942364,1600.0492450278114,0.0183133841421647,7.276875569425521,0.875,True,0.0,1.0,1.0,0.0170058045768167,0.0,1.0,40.34011609153634,2
-8.0,69.0,5.5,-4827.517316057059,1509.184822476215,0.0229838828075169,7.276875569425521,0.875,True,0.0,1.0,1.0,0.0216825242179021,0.0,1.0,40.43365048435805,2
-8.0,70.0,5.5,-3148.5284411457897,1421.1563604337327,0.0286417194770801,7.276875569425521,0.875,True,0.0,1.0,1.0,0.0273478969702575,0.0,1.0,40.546957939405154,2
-8.0,71.0,5.5,-3090.7411049765706,1336.5244928597976,0.0353905220939509,7.276875569425521,0.875,True,0.0,1.0,1.0,0.0341056888065491,0.0,1.0,40.68211377613098,2
-8.0,72.0,5.5,-4199.635560207265,1255.97617874444,0.0432853756051957,7.276875569425521,0.875,True,0.0,1.0,1.0,0.0420110580454773,0.0,1.0,40.84022116090955,2
-8.0,73.0,5.5,-4673.441251056661,1180.3478557690585,0.05229420906258,7.276875569425521,0.875,True,0.0,1.0,1.0,0.0510318910211867,0.0,1.0,41.02063782042374,2
-8.0,74.0,5.5,-3378.688219874286,1110.645178343919,0.0622489914198214,7.276875569425521,0.875,True,0.0,1.0,1.0,0.060999932874664,0.0,1.0,41.219998657493285,2
-8.0,75.0,5.5,-4568.051805046476,1048.0512255750425,0.0727935400031244,7.276875569425521,0.875,True,0.0,1.0,1.0,0.0715585265065911,0.0,1.0,41.43117053013183,2
-8.0,76.0,5.5,-3986.205599794697,993.9100834157888,0.0833442874906089,7.276875569425521,0.875,True,0.0,1.0,1.0,0.0821233272994696,0.0,1.0,41.64246654598939,2
-8.0,77.0,5.5,-3277.817903982941,949.6686452326152,0.093091573119996,7.276875569425521,0.875,True,0.0,1.0,1.0,0.0918835960451595,0.0,1.0,41.83767192090319,2
-8.0,78.0,5.5,-3735.8232640303577,916.7613395566872,0.1010738997605026,7.276875569425521,0.875,True,0.0,1.0,1.0,0.0998765549251511,0.0,1.0,41.99753109850303,2
-8.0,79.0,5.5,-3215.3649477576428,896.4372847307887,0.1063421862749318,7.276875569425521,0.875,True,0.0,1.0,1.0,0.1051518586522827,0.0,1.0,42.10303717304566,2
-8.0,80.0,5.5,-3766.404850820274,889.5594131564699,0.1081865169213727,7.276875569425521,0.875,True,0.0,1.0,1.0,0.1069986458964057,0.0,1.0,42.13997291792811,2
-8.0,81.0,5.5,-4823.764838719627,896.4372847307887,0.1063421862749318,7.276875569425521,0.875,True,0.0,1.0,1.0,0.1051518586522827,0.0,1.0,42.10303717304566,2
-8.0,82.0,5.5,-4520.830385461026,916.7613395566872,0.1010738997605026,7.276875569425521,0.875,True,0.0,1.0,1.0,0.0998765549251511,0.0,1.0,41.99753109850303,2
-8.0,83.0,5.5,-4421.459491808875,949.6686452326152,0.093091573119996,7.276875569425521,0.875,True,0.0,1.0,1.0,0.0918835960451595,0.0,1.0,41.83767192090319,2
-8.0,84.0,5.5,-4620.215539806405,993.9100834157888,0.0833442874906089,7.276875569425521,0.875,True,0.0,1.0,1.0,0.0821233272994696,0.0,1.0,41.64246654598939,2
-8.0,85.0,5.5,-3701.190382224956,1048.0512255750425,0.0727935400031244,7.276875569425521,0.875,True,0.0,1.0,1.0,0.0715585265065911,0.0,1.0,41.43117053013183,2
-8.0,86.0,5.5,-3772.60603122656,1110.645178343919,0.0622489914198214,7.276875569425521,0.875,True,0.0,1.0,1.0,0.060999932874664,0.0,1.0,41.219998657493285,2
-8.0,87.0,5.5,-3991.7739259317927,1180.3478557690585,0.05229420906258,7.276875569425521,0.875,True,0.0,1.0,1.0,0.0510318910211867,0.0,1.0,41.02063782042374,2
-8.0,88.0,5.5,-3960.543474878404,1255.97617874444,0.0432853756051957,7.276875569425521,0.875,True,0.0,1.0,1.0,0.0420110580454773,0.0,1.0,40.84022116090955,2
-8.0,89.0,5.5,-3670.531372257673,1336.5244928597976,0.0353905220939509,7.276875569425521,0.875,True,0.0,1.0,1.0,0.0341056888065491,0.0,1.0,40.68211377613098,2
-8.0,90.0,5.5,-3883.998653658121,1421.1563604337327,0.0286417194770801,7.276875569425521,0.875,True,0.0,1.0,1.0,0.0273478969702575,0.0,1.0,40.546957939405154,2
-8.0,91.0,5.5,-3357.8871191249928,1509.184822476215,0.0229838828075169,7.276875569425521,0.875,True,0.0,1.0,1.0,0.0216825242179021,0.0,1.0,40.43365048435805,2
-8.0,92.0,5.5,-4247.519317295354,1572.4505731931065,0.0196215577301701,7.276875569425521,0.875,True,0.0,1.0,1.0,0.0183157206160525,0.0,1.0,40.36631441232105,2
-8.0,93.0,5.5,-4427.921185266874,1560.6742210006737,0.0202078213796972,7.276875569425521,0.875,True,0.0,1.0,1.0,0.0189027651526321,0.0,1.0,40.37805530305265,2
-8.0,94.0,5.5,-3460.26012144748,1556.7289730238222,0.0204081197051703,7.276875569425521,0.875,True,0.0,1.0,1.0,0.0191033302699645,0.0,1.0,40.38206660539929,2
-8.0,95.0,5.5,-3411.0814066285075,1560.6742210006737,0.0202078213796972,7.276875569425521,0.875,True,0.0,1.0,1.0,0.0189027651526321,0.0,1.0,40.37805530305265,2
-8.0,96.0,5.5,-4765.885908298592,1572.4505731931065,0.0196215577301701,7.276875569425521,0.875,True,0.0,1.0,1.0,0.0183157206160525,0.0,1.0,40.36631441232105,2
-8.0,97.0,5.5,-3838.7380768255366,1591.8842369617385,0.0186910478862865,7.276875569425521,0.875,True,0.0,1.0,1.0,0.0173839713586559,0.0,1.0,40.34767942717312,2
-8.0,98.0,5.5,-3713.9840921109526,1618.6994334573135,0.0174791142253918,7.276875569425521,0.875,True,0.0,1.0,1.0,0.0161704234354661,0.0,1.0,40.32340846870933,2
-8.0,99.0,5.5,-4638.626798756212,1652.5368579302676,0.0160613077489853,7.276875569425521,0.875,True,0.0,1.0,1.0,0.014750728479838,0.0,1.0,40.295014569596766,2
-8.0,100.0,5.5,-4248.689696823947,1692.9754908500038,0.0145169444780662,7.276875569425521,0.875,True,0.0,1.0,1.0,0.0132043081595287,0.0,1.0,40.264086163190576,2
-7.0,55.0,5.5,-3897.473883722113,1572.4554116528548,0.0196213203863124,7.276875569425521,0.75,True,0.0,1.0,1.0,0.0183154829560593,0.0,0.7252747252747253,37.06960636241789,4
-7.0,56.0,5.5,-3993.462167696886,1560.6754396517763,0.0202077598140814,7.276875569425521,0.75,True,0.0,1.0,1.0,0.0189027035050127,0.0,0.7252747252747253,37.08135077339696,4
-7.0,57.0,5.5,-3919.848057271596,1556.7289730238222,0.0204081197051703,7.276875569425521,0.75,True,0.0,1.0,1.0,0.0191033302699645,0.0,0.7252747252747253,37.085363308696,4
-7.0,58.0,5.5,-4419.020032630661,1560.6754396517763,0.0202077598140814,7.276875569425521,0.75,True,0.0,1.0,1.0,0.0189027035050127,0.0,0.7252747252747253,37.08135077339696,4
-7.0,59.0,5.5,-4112.099737092269,1572.4554116528548,0.0196213203863124,7.276875569425521,0.75,True,0.0,1.0,1.0,0.0183154829560593,0.0,0.7252747252747253,37.06960636241789,4
-7.0,60.0,5.5,-3693.76227023358,1591.8949919361291,0.0186905453386892,7.276875569425521,0.875,True,0.0,1.0,1.0,0.0173834681416791,0.0,1.0,40.34766936283359,2
-7.0,61.0,5.5,-3996.1614288325263,1618.7182399622982,0.0174782924420885,7.276875569425521,0.875,True,0.0,1.0,1.0,0.0161696005575701,0.0,1.0,40.323392011151405,2
-7.0,62.0,5.5,-3729.711537955526,1652.5656478850765,0.0160601517797755,7.276875569425521,0.875,True,0.0,1.0,1.0,0.0147495709709091,0.0,1.0,40.29499141941819,2
-7.0,63.0,5.5,-3728.686269526731,1693.0159692811098,0.0145154754945528,7.276875569425521,0.875,True,0.0,1.0,1.0,0.0132028372193697,0.0,1.0,40.2640567443874,2
-7.0,64.0,5.5,-4506.712457333926,1739.60864973846,0.012919446471015,7.276875569425521,0.875,True,0.0,1.0,1.0,0.0116046823290806,0.0,1.0,40.23209364658161,2
-7.0,65.0,5.5,-4242.961197126224,1739.60864973846,0.012919446471015,7.276875569425521,0.875,True,0.0,1.0,1.0,0.0116046823290806,0.0,1.0,40.23209364658161,2
-7.0,66.0,5.5,-4436.334694479845,1693.0159692811098,0.0145154754945528,7.276875569425521,0.875,True,0.0,1.0,1.0,0.0132028372193697,0.0,1.0,40.2640567443874,2
-7.0,67.0,5.5,-3446.23784191004,1638.5900531115767,0.0166311949582928,7.276875569425521,0.875,True,0.0,1.0,1.0,0.0153213747632303,0.0,1.0,40.30642749526461,2
-7.0,68.0,5.5,-3215.2292434745973,1541.8880817850588,0.0211795284187031,7.276875569425521,0.875,True,0.0,1.0,1.0,0.0198757664786816,0.0,1.0,40.39751532957364,2
-7.0,69.0,5.5,-3665.699512015134,1447.2261879608543,0.0268345385345809,7.276875569425521,0.875,True,0.0,1.0,1.0,0.02553830891246,0.0,1.0,40.5107661782492,2
-7.0,70.0,5.5,-4597.397445458467,1355.0321249908343,0.0337903401243792,7.276875569425521,0.875,True,0.0,1.0,1.0,0.0325033754386163,0.0,1.0,40.65006750877233,2
-7.0,71.0,5.5,-3631.4097459140767,1265.845345080562,0.0422304665315289,7.276875569425521,0.875,True,0.0,1.0,1.0,0.0409547438619457,0.0,1.0,40.81909487723892,2
-7.0,72.0,5.5,-3925.884624716401,1180.3478557690585,0.05229420906258,7.276875569425521,0.875,True,0.0,1.0,1.0,0.0510318910211867,0.0,1.0,41.02063782042374,2
-7.0,73.0,5.5,-3219.457103173887,1099.4008302017085,0.0640236920717501,7.276875569425521,0.875,True,0.0,1.0,1.0,0.0627769973790377,0.0,1.0,41.25553994758076,2
-7.0,74.0,5.5,-4078.397069107966,1024.083999598976,0.0772885082297432,7.276875569425521,0.875,True,0.0,1.0,1.0,0.0760594819072276,0.0,1.0,41.52118963814456,2
-7.0,75.0,5.5,-3174.7123386321377,955.7294672244544,0.0916916769208337,7.276875569425521,0.875,True,0.0,1.0,1.0,0.0904818352227721,0.0,1.0,41.80963670445544,2
-7.0,76.0,5.5,-4427.827528568806,895.9322962594907,0.1064765250016779,7.276875569425521,0.875,True,0.0,1.0,1.0,0.1052863763145172,0.0,1.0,42.10572752629035,2
-7.0,77.0,5.5,-4540.686208803693,846.5079846405549,0.1204801871452432,7.276875569425521,0.875,True,0.0,1.0,1.0,0.1193086909508059,0.0,1.0,42.38617381901612,2
-7.0,78.0,5.5,-4908.998832977625,809.3591199811491,0.1322054932371895,7.276875569425521,0.875,True,0.0,1.0,1.0,0.1310496148278941,0.0,1.0,42.62099229655789,2
-7.0,79.0,5.5,-4674.205284258079,786.2277058264274,0.1400761235411391,7.276875569425521,0.875,True,0.0,1.0,1.0,0.1389307285948814,0.0,1.0,42.778614571897634,2
-7.0,80.0,5.5,-4692.188019213068,778.3644865119112,0.1428569903965864,7.276875569425521,0.875,True,0.0,1.0,1.0,0.1417152994884762,0.0,1.0,42.834305989769526,2
-7.0,81.0,5.5,-4051.856957947576,786.2277058264274,0.1400761235411391,7.276875569425521,0.875,True,0.0,1.0,1.0,0.1389307285948814,0.0,1.0,42.778614571897634,2
-7.0,82.0,5.5,-3505.4370451826944,809.3591199811491,0.1322054932371895,7.276875569425521,0.875,True,0.0,1.0,1.0,0.1310496148278941,0.0,1.0,42.62099229655789,2
-7.0,83.0,5.5,-4741.549491154127,846.5079846405549,0.1204801871452432,7.276875569425521,0.875,True,0.0,1.0,1.0,0.1193086909508059,0.0,1.0,42.38617381901612,2
-7.0,84.0,5.5,-3953.405082888629,895.9322962594907,0.1064765250016779,7.276875569425521,0.875,True,0.0,1.0,1.0,0.1052863763145172,0.0,1.0,42.10572752629035,2
-7.0,85.0,5.5,-4249.967654115147,955.7294672244544,0.0916916769208337,7.276875569425521,0.875,True,0.0,1.0,1.0,0.0904818352227721,0.0,1.0,41.80963670445544,2
-7.0,86.0,5.5,-4957.341121586056,1024.083999598976,0.0772885082297432,7.276875569425521,0.875,True,0.0,1.0,1.0,0.0760594819072276,0.0,1.0,41.52118963814456,2
-7.0,87.0,5.5,-4930.235840586096,1099.4008302017085,0.0640236920717501,7.276875569425521,0.875,True,0.0,1.0,1.0,0.0627769973790377,0.0,1.0,41.25553994758076,2
-7.0,88.0,5.5,-3838.126675706293,1180.3478557690585,0.05229420906258,7.276875569425521,0.875,True,0.0,1.0,1.0,0.0510318910211867,0.0,1.0,41.02063782042374,2
-7.0,89.0,5.5,-3243.787037678052,1265.845345080562,0.0422304665315289,7.276875569425521,0.875,True,0.0,1.0,1.0,0.0409547438619457,0.0,1.0,40.81909487723892,2
-7.0,90.0,5.5,-3683.6737325066697,1355.0321249908343,0.0337903401243792,7.276875569425521,0.875,True,0.0,1.0,1.0,0.0325033754386163,0.0,1.0,40.65006750877233,2
-7.0,91.0,5.5,-4518.796883070604,1447.2261879608543,0.0268345385345809,7.276875569425521,0.875,True,0.0,1.0,1.0,0.02553830891246,0.0,1.0,40.5107661782492,2
-7.0,92.0,5.5,-4531.728567170558,1462.4670140995815,0.0258313208928076,7.276875569425521,0.875,True,0.0,1.0,1.0,0.0245337550123871,0.0,1.0,40.49067510024775,2
-7.0,93.0,5.5,-4336.474276525256,1449.7858297492369,0.0266633697665748,7.276875569425521,0.875,True,0.0,1.0,1.0,0.0253669121523638,0.0,1.0,40.50733824304728,2
-7.0,94.0,5.5,-4238.929506008167,1445.5340463792636,0.0269482985837577,7.276875569425521,0.875,True,0.0,1.0,1.0,0.0256522204868926,0.0,1.0,40.51304440973785,2
-7.0,95.0,5.5,-4160.751083205934,1449.7858297492369,0.0266633697665748,7.276875569425521,0.875,True,0.0,1.0,1.0,0.0253669121523638,0.0,1.0,40.50733824304728,2
-7.0,96.0,5.5,-3975.4174985451855,1462.4670140995815,0.0258313208928076,7.276875569425521,0.875,True,0.0,1.0,1.0,0.0245337550123871,0.0,1.0,40.49067510024775,2
-7.0,97.0,5.5,-4769.645441405837,1483.361424018413,0.0245166313763421,7.276875569425521,0.875,True,0.0,1.0,1.0,0.0232173143656538,0.0,1.0,40.46434628731308,2
-7.0,98.0,5.5,-3505.8897053693163,1512.1286239549215,0.0228153537428257,7.276875569425521,0.875,True,0.0,1.0,1.0,0.021513770677133,0.0,1.0,40.43027541354267,2
-7.0,99.0,5.5,-4087.66141525013,1548.3298505426797,0.0208411761540155,7.276875569425521,0.875,True,0.0,1.0,1.0,0.0195369635380857,0.0,1.0,40.39073927076171,2
-7.0,100.0,5.5,-3358.265651930302,1591.4578645748325,0.0187109818752798,7.276875569425521,0.875,True,0.0,1.0,1.0,0.0174039318991741,0.0,1.0,40.34807863798349,2
-6.0,55.0,5.5,-4915.973251012019,1462.4670140995815,0.0258313208928076,7.276875569425521,0.75,True,0.0,1.0,1.0,0.0245337550123871,0.0,0.7252747252747253,37.19397180354445,4
-6.0,56.0,5.5,-4271.324542106957,1449.7858297492369,0.0266633697665748,7.276875569425521,0.75,True,0.0,1.0,1.0,0.0253669121523638,0.0,0.7252747252747253,37.21063494634399,4
-6.0,57.0,5.5,-4829.175865756075,1445.5340463792636,0.0269482985837577,7.276875569425521,0.75,True,0.0,1.0,1.0,0.0256522204868926,0.0,0.7252747252747253,37.21634111303456,4
-6.0,58.0,5.5,-4432.631368061502,1449.7858297492369,0.0266633697665748,7.276875569425521,0.75,True,0.0,1.0,1.0,0.0253669121523638,0.0,0.7252747252747253,37.21063494634399,4
-6.0,59.0,5.5,-3454.479045900737,1462.4670140995815,0.0258313208928076,7.276875569425521,0.75,True,0.0,1.0,1.0,0.0245337550123871,0.0,0.7252747252747253,37.19397180354445,4
-6.0,60.0,5.5,-3746.6546347081376,1483.361424018413,0.0245166313763421,7.276875569425521,0.875,True,0.0,1.0,1.0,0.0232173143656538,0.0,1.0,40.46434628731308,2
-6.0,61.0,5.5,-4715.107963949851,1512.1286239549215,0.0228153537428257,7.276875569425521,0.875,True,0.0,1.0,1.0,0.021513770677133,0.0,1.0,40.43027541354267,2
-6.0,62.0,5.5,-3312.457730515845,1548.3298505426797,0.0208411761540155,7.276875569425521,0.875,True,0.0,1.0,1.0,0.0195369635380857,0.0,1.0,40.39073927076171,2
-6.0,63.0,5.5,-4012.887100331375,1591.4578645748325,0.0187109818752798,7.276875569425521,0.875,True,0.0,1.0,1.0,0.0174039318991741,0.0,1.0,40.34807863798349,2
-6.0,64.0,5.5,-3250.854614098636,1640.9665939924855,0.0165326761288398,7.276875569425521,0.875,True,0.0,1.0,1.0,0.0152227247094067,0.0,1.0,40.304454494188136,2
-6.0,65.0,5.5,-4704.834942353353,1640.9665939924855,0.0165326761288398,7.276875569425521,0.875,True,0.0,1.0,1.0,0.0152227247094067,0.0,1.0,40.304454494188136,2
-6.0,66.0,5.5,-3508.6843457268646,1591.4578645748325,0.0187109818752798,7.276875569425521,0.875,True,0.0,1.0,1.0,0.0174039318991741,0.0,1.0,40.34807863798349,2
-6.0,67.0,5.5,-4832.197039276472,1548.3298505426797,0.0208411761540155,7.276875569425521,0.875,True,0.0,1.0,1.0,0.0195369635380857,0.0,1.0,40.39073927076171,2
-6.0,68.0,5.5,-3891.319458101513,1489.6455820807737,0.0241344751821122,7.276875569425521,0.875,True,0.0,1.0,1.0,0.0228346491498867,0.0,1.0,40.45669298299774,2
-6.0,69.0,5.5,-4302.447474536113,1391.2982026413592,0.0308615098761287,7.276875569425521,0.875,True,0.0,1.0,1.0,0.0295706440690495,0.0,1.0,40.591412881381,2
-6.0,70.0,5.5,-3290.050028084136,1294.995844631437,0.0392623351975247,7.276875569425521,0.875,True,0.0,1.0,1.0,0.0379826590586603,0.0,1.0,40.75965318117321,2
-6.0,71.0,5.5,-4287.338597577855,1201.2305530504304,0.0496341396499705,7.276875569425521,0.875,True,0.0,1.0,1.0,0.0483682784693002,0.0,1.0,40.967365569386,2
-6.0,72.0,5.5,-3511.83967666236,1110.645178343919,0.0622489914198214,7.276875569425521,0.875,True,0.0,1.0,1.0,0.060999932874664,0.0,1.0,41.219998657493285,2
-6.0,73.0,5.5,-3052.6679816074416,1024.083999598976,0.0772885082297432,7.276875569425521,0.875,True,0.0,1.0,1.0,0.0760594819072276,0.0,1.0,41.52118963814456,2
-6.0,74.0,5.5,-3781.054901557143,942.6563456428306,0.0947379268632124,7.276875569425521,0.875,True,0.0,1.0,1.0,0.0935321426862693,0.0,1.0,41.870642853725386,2
-6.0,75.0,5.5,-4754.35911358178,867.8085613727542,0.1142322750049903,7.276875569425521,0.875,True,0.0,1.0,1.0,0.1130524567634672,0.0,1.0,42.26104913526935,2
-6.0,76.0,5.5,-4178.40005491404,801.3864856066193,0.1348669942447183,7.276875569425521,0.875,True,0.0,1.0,1.0,0.133714660881545,0.0,1.0,42.6742932176309,2
-6.0,77.0,5.5,-4224.994480497417,745.6452813263779,0.1550336322540504,7.276875569425521,0.875,True,0.0,1.0,1.0,0.1539081602979054,0.0,1.0,43.078163205958106,2
-6.0,78.0,5.5,-4750.854528084291,703.1298137813003,0.1724195489062663,7.276875569425521,0.875,True,0.0,1.0,1.0,0.1713172345128017,0.0,1.0,43.42634469025604,2
-6.0,79.0,5.5,-4967.524745497541,676.3388963495987,0.1843632577171476,7.276875569425521,0.875,True,0.0,1.0,1.0,0.1832768520152382,0.0,1.0,43.66553704030477,2
-6.0,80.0,5.5,-3653.9277512088825,667.1695598673524,0.1886382914055963,7.276875569425521,0.875,True,0.0,1.0,1.0,0.1875575799309504,0.0,1.0,43.75115159861901,2
-6.0,81.0,5.5,-3775.423734327444,676.3388963495987,0.1843632577171476,7.276875569425521,0.875,True,0.0,1.0,1.0,0.1832768520152382,0.0,1.0,43.66553704030477,2
-6.0,82.0,5.5,-3406.216416329749,703.1298137813003,0.1724195489062663,7.276875569425521,0.875,True,0.0,1.0,1.0,0.1713172345128017,0.0,1.0,43.42634469025604,2
-6.0,83.0,5.5,-4734.62034866093,745.6452813263779,0.1550336322540504,7.276875569425521,0.875,True,0.0,1.0,1.0,0.1539081602979054,0.0,1.0,43.078163205958106,2
-6.0,84.0,5.5,-3486.2645991207573,801.3864856066193,0.1348669942447183,7.276875569425521,0.875,True,0.0,1.0,1.0,0.133714660881545,0.0,1.0,42.6742932176309,2
-6.0,85.0,5.5,-4197.4748174279775,867.8085613727542,0.1142322750049903,7.276875569425521,0.875,True,0.0,1.0,1.0,0.1130524567634672,0.0,1.0,42.26104913526935,2
-6.0,86.0,5.5,-4731.989785943157,942.6563456428306,0.0947379268632124,7.276875569425521,0.875,True,0.0,1.0,1.0,0.0935321426862693,0.0,1.0,41.870642853725386,2
-6.0,87.0,5.5,-4937.778465282268,1024.083999598976,0.0772885082297432,7.276875569425521,0.875,True,0.0,1.0,1.0,0.0760594819072276,0.0,1.0,41.52118963814456,2
-6.0,88.0,5.5,-3678.279760601156,1110.645178343919,0.0622489914198214,7.276875569425521,0.875,True,0.0,1.0,1.0,0.060999932874664,0.0,1.0,41.219998657493285,2
-6.0,89.0,5.5,-3089.600353590288,1201.2305530504304,0.0496341396499705,7.276875569425521,0.875,True,0.0,1.0,1.0,0.0483682784693002,0.0,1.0,40.967365569386,2
-6.0,90.0,5.5,-4772.183098275088,1294.995844631437,0.0392623351975247,7.276875569425521,0.875,True,0.0,1.0,1.0,0.0379826590586603,0.0,1.0,40.75965318117321,2
-6.0,91.0,5.5,-3422.947420014756,1375.257287224998,0.032124277764368,7.276875569425521,0.875,True,0.0,1.0,1.0,0.0308350939293763,0.0,1.0,40.61670187858753,2
-6.0,92.0,5.5,-3868.13149997369,1352.6777926991972,0.0339898107960794,7.276875569425521,0.875,True,0.0,1.0,1.0,0.0327031117997635,0.0,1.0,40.65406223599528,2
-6.0,93.0,5.5,-4091.4496777184177,1338.947335873652,0.0351768058006176,7.276875569425521,0.875,True,0.0,1.0,1.0,0.0338916878489926,0.0,1.0,40.67783375697985,2
-6.0,94.0,5.5,-4705.994076253654,1334.3391197347048,0.0355844049844226,7.276875569425521,0.875,True,0.0,1.0,1.0,0.0342998299436971,0.0,1.0,40.68599659887395,2
-6.0,95.0,5.5,-3558.112193078884,1338.947335873652,0.0351768058006176,7.276875569425521,0.875,True,0.0,1.0,1.0,0.0338916878489926,0.0,1.0,40.67783375697985,2
-6.0,96.0,5.5,-3669.372124412042,1352.6777926991972,0.0339898107960794,7.276875569425521,0.875,True,0.0,1.0,1.0,0.0327031117997635,0.0,1.0,40.65406223599528,2
-6.0,97.0,5.5,-3834.2030081313096,1375.257287224998,0.032124277764368,7.276875569425521,0.875,True,0.0,1.0,1.0,0.0308350939293763,0.0,1.0,40.61670187858753,2
-6.0,98.0,5.5,-4755.18110068939,1406.2596275626006,0.0297285008450403,7.276875569425521,0.875,True,0.0,1.0,1.0,0.0284361259011017,0.0,1.0,40.56872251802204,2
-6.0,99.0,5.5,-3398.1041646256617,1445.1428281520475,0.026974668140966,7.276875569425521,0.875,True,0.0,1.0,1.0,0.0256786251676257,0.0,1.0,40.51357250335252,2
-6.0,100.0,5.5,-4317.466310968118,1491.290562652756,0.0240354271298841,7.276875569425521,0.875,True,0.0,1.0,1.0,0.0227354691683779,0.0,1.0,40.45470938336756,2
-5.0,55.0,5.5,-3255.5044201288983,1352.672182983592,0.033990287482352,7.276875569425521,0.75,True,0.0,1.0,1.0,0.0327035891209692,0.0,0.7252747252747253,37.357368485716094,4
-5.0,56.0,5.5,-3980.8399718770233,1338.9459191732103,0.035176930388329,7.276875569425521,0.75,True,0.0,1.0,1.0,0.0338918126026515,0.0,0.7252747252747253,37.38113295534974,4
-5.0,57.0,5.5,-3347.1618212274925,1334.3391197347048,0.0355844049844226,7.276875569425521,0.75,True,0.0,1.0,1.0,0.0342998299436971,0.0,0.7252747252747253,37.38929330217065,4
-5.0,58.0,5.5,-4589.366895462474,1338.9459191732103,0.035176930388329,7.276875569425521,0.75,True,0.0,1.0,1.0,0.0338918126026515,0.0,0.7252747252747253,37.38113295534974,4
-5.0,59.0,5.5,-4510.259275797913,1352.672182983592,0.033990287482352,7.276875569425521,0.75,True,0.0,1.0,1.0,0.0327035891209692,0.0,0.7252747252747253,37.357368485716094,4
-5.0,60.0,5.5,-4615.60609164279,1375.244870991674,0.0321252749361646,7.276875569425521,0.875,True,0.0,1.0,1.0,0.0308360924293782,0.0,1.0,40.61672184858757,2
-5.0,61.0,5.5,-4840.258657416032,1406.2380369866987,0.0297301055269823,7.276875569425521,0.875,True,0.0,1.0,1.0,0.0284377327204359,0.0,1.0,40.56875465440872,2
-5.0,62.0,5.5,-3249.076334230461,1445.109992949009,0.0269768825286154,7.276875569425521,0.875,True,0.0,1.0,1.0,0.0256808425047785,0.0,1.0,40.51361685009557,2
-5.0,63.0,5.5,-3024.0357621746143,1491.2447301444122,0.0240381812974553,7.276875569425521,0.875,True,0.0,1.0,1.0,0.0227382270044245,0.0,1.0,40.4547645400885,2
-5.0,64.0,5.5,-4206.11902139995,1543.9913322446969,0.0210684560586493,7.276875569425521,0.875,True,0.0,1.0,1.0,0.0197645461732999,0.0,1.0,40.395290923466,2
-5.0,65.0,5.5,-4902.305834019795,1543.9913322446969,0.0210684560586493,7.276875569425521,0.875,True,0.0,1.0,1.0,0.0197645461732999,0.0,1.0,40.395290923466,2
-5.0,66.0,5.5,-4214.796129637896,1491.2447301444122,0.0240381812974553,7.276875569425521,0.875,True,0.0,1.0,1.0,0.0227382270044245,0.0,1.0,40.4547645400885,2
-5.0,67.0,5.5,-4606.64363020889,1445.109992949009,0.0269768825286154,7.276875569425521,0.875,True,0.0,1.0,1.0,0.0256808425047785,0.0,1.0,40.51361685009557,2
-5.0,68.0,5.5,-4796.610879765145,1406.2380369866987,0.0297301055269823,7.276875569425521,0.875,True,0.0,1.0,1.0,0.0284377327204359,0.0,1.0,40.56875465440872,2
-5.0,69.0,5.5,-4735.68229056222,1342.1551541646668,0.0348958319451489,7.276875569425521,0.875,True,0.0,1.0,1.0,0.0336103397440783,0.0,1.0,40.672206794881575,2
-5.0,70.0,5.5,-3745.766937393276,1241.9308886663423,0.0448322639340095,7.276875569425521,0.875,True,0.0,1.0,1.0,0.043560006786989,0.0,1.0,40.87120013573978,2
-5.0,71.0,5.5,-3052.067458185049,1143.7085530864772,0.0573105024792214,7.276875569425521,0.875,True,0.0,1.0,1.0,0.0560548660026569,0.0,1.0,41.12109732005314,2
-5.0,72.0,5.5,-4179.727131485687,1048.0512255750425,0.0727935400031244,7.276875569425521,0.875,True,0.0,1.0,1.0,0.0715585265065911,0.0,1.0,41.43117053013183,2
-5.0,73.0,5.5,-4942.075807749174,955.7294672244544,0.0916916769208337,7.276875569425521,0.875,True,0.0,1.0,1.0,0.0904818352227721,0.0,1.0,41.80963670445544,2
-5.0,74.0,5.5,-3579.675761315888,867.8085613727542,0.1142322750049903,7.276875569425521,0.875,True,0.0,1.0,1.0,0.1130524567634672,0.0,1.0,42.26104913526935,2
-5.0,75.0,5.5,-3006.047308852763,785.7672208422621,0.140237473776347,7.276875569425521,0.875,True,0.0,1.0,1.0,0.1390922937441638,0.0,1.0,42.78184587488328,2
-5.0,76.0,5.5,-3039.7817952549226,711.6418884435101,0.1687891930460595,7.276875569425521,0.875,True,0.0,1.0,1.0,0.1676820431184631,0.0,1.0,43.35364086236926,2
-5.0,77.0,5.5,-4358.710283857178,648.1542441820671,0.1978224019876082,7.276875569425521,0.875,True,0.0,1.0,1.0,0.1967539234955955,0.0,1.0,43.93507846991192,2
-5.0,78.0,5.5,-4886.989956847112,598.6981038097018,0.2238575740416,7.276875569425521,0.875,True,0.0,1.0,1.0,0.222823773682515,0.0,1.0,44.4564754736503,2
-5.0,79.0,5.5,-3419.0821997942576,566.9574070213938,0.2423448620253817,7.276875569425521,0.875,True,0.0,1.0,1.0,0.2413356862252912,0.0,1.0,44.82671372450583,2
-5.0,80.0,5.5,-4156.613110753012,555.9746332227936,0.2490911007269334,7.276875569425521,0.875,True,0.0,1.0,1.0,0.248090910731199,0.0,1.0,44.96181821462398,2
-5.0,81.0,5.5,-4916.092144797696,566.9574070213938,0.2423448620253817,7.276875569425521,0.875,True,0.0,1.0,1.0,0.2413356862252912,0.0,1.0,44.82671372450583,2
-5.0,82.0,5.5,-3262.149786447859,598.6981038097018,0.2238575740416,7.276875569425521,0.875,True,0.0,1.0,1.0,0.222823773682515,0.0,1.0,44.4564754736503,2
-5.0,83.0,5.5,-4914.884818218592,648.1542441820671,0.1978224019876082,7.276875569425521,0.875,True,0.0,1.0,1.0,0.1967539234955955,0.0,1.0,43.93507846991192,2
-5.0,84.0,5.5,-4931.085947408865,711.6418884435101,0.1687891930460595,7.276875569425521,0.875,True,0.0,1.0,1.0,0.1676820431184631,0.0,1.0,43.35364086236926,2
-5.0,85.0,5.5,-4506.127060948509,785.7672208422621,0.140237473776347,7.276875569425521,0.875,True,0.0,1.0,1.0,0.1390922937441638,0.0,1.0,42.78184587488328,2
-5.0,86.0,5.5,-4556.167263268337,867.8085613727542,0.1142322750049903,7.276875569425521,0.875,True,0.0,1.0,1.0,0.1130524567634672,0.0,1.0,42.26104913526935,2
-5.0,87.0,5.5,-3409.594543820075,955.7294672244544,0.0916916769208337,7.276875569425521,0.875,True,0.0,1.0,1.0,0.0904818352227721,0.0,1.0,41.80963670445544,2
-5.0,88.0,5.5,-3755.80641091084,1048.0512255750425,0.0727935400031244,7.276875569425521,0.875,True,0.0,1.0,1.0,0.0715585265065911,0.0,1.0,41.43117053013183,2
-5.0,89.0,5.5,-3881.087227388838,1143.7085530864772,0.0573105024792214,7.276875569425521,0.875,True,0.0,1.0,1.0,0.0560548660026569,0.0,1.0,41.12109732005314,2
-5.0,90.0,5.5,-3981.519022860536,1241.9308886663423,0.0448322639340095,7.276875569425521,0.875,True,0.0,1.0,1.0,0.043560006786989,0.0,1.0,40.87120013573978,2
-5.0,91.0,5.5,-3190.237388450309,1267.6789692004777,0.0420373225564951,7.276875569425521,0.875,True,0.0,1.0,1.0,0.0407613426244507,0.0,1.0,40.81522685248902,2
-5.0,92.0,5.5,-4789.891102201869,1243.1344121586171,0.0446975749551669,7.276875569425521,0.875,True,0.0,1.0,1.0,0.043425138406132,0.0,1.0,40.868502768122646,2
-5.0,93.0,5.5,-4822.030553042014,1228.172251819893,0.0464011688400106,7.276875569425521,0.875,True,0.0,1.0,1.0,0.045131001431163,0.0,1.0,40.90262002862327,2
-5.0,94.0,5.5,-3914.455411505781,1223.144193090146,0.046988119645468,7.276875569425521,0.875,True,0.0,1.0,1.0,0.0457187340389458,0.0,1.0,40.91437468077892,2
-5.0,95.0,5.5,-3409.7107289388427,1228.172251819893,0.0464011688400106,7.276875569425521,0.875,True,0.0,1.0,1.0,0.045131001431163,0.0,1.0,40.90262002862327,2
-5.0,96.0,5.5,-3066.6346102976177,1243.1344121586171,0.0446975749551669,7.276875569425521,0.875,True,0.0,1.0,1.0,0.043425138406132,0.0,1.0,40.868502768122646,2
-5.0,97.0,5.5,-4864.965978725797,1267.6789692004777,0.0420373225564951,7.276875569425521,0.875,True,0.0,1.0,1.0,0.0407613426244507,0.0,1.0,40.81522685248902,2
-5.0,98.0,5.5,-4073.427339499661,1301.2637987461317,0.038651894170186,7.276875569425521,0.875,True,0.0,1.0,1.0,0.0373714049406669,0.0,1.0,40.747428098813344,2
-5.0,99.0,5.5,-3970.733086724903,1343.210952686997,0.0348038459773572,7.276875569425521,0.875,True,0.0,1.0,1.0,0.033518231253508,0.0,1.0,40.67036462507016,2
-5.0,100.0,5.5,-4783.260360193094,1392.7650605976232,0.0307485435064881,7.276875569425521,0.875,True,0.0,1.0,1.0,0.0294575272313124,0.0,1.0,40.58915054462625,2
-4.0,55.0,5.5,-4617.086007136437,1243.122220194241,0.0446989373540336,7.276875569425521,0.75,True,0.0,1.0,1.0,0.0434265026196765,0.0,0.7252747252747253,37.57182675569023,4
-4.0,56.0,5.5,-4816.740390486606,1228.169166942508,0.0464015266961815,7.276875569425521,0.75,True,0.0,1.0,1.0,0.0451313597639885,0.0,0.7252747252747253,37.60592389857648,4
-4.0,57.0,5.5,-3066.509454491053,1223.144193090146,0.046988119645468,7.276875569425521,0.75,True,0.0,1.0,1.0,0.0457187340389458,0.0,0.7252747252747253,37.61767138407562,4
-4.0,58.0,5.5,-4540.605171053037,1228.169166942508,0.0464015266961815,7.276875569425521,0.75,True,0.0,1.0,1.0,0.0451313597639885,0.0,0.7252747252747253,37.60592389857648,4
-4.0,59.0,5.5,-4461.167625356044,1243.122220194241,0.0446989373540336,7.276875569425521,0.75,True,0.0,1.0,1.0,0.0434265026196765,0.0,0.7252747252747253,37.57182675569023,4
-4.0,60.0,5.5,-3045.618788026424,1267.652064850099,0.0420401501187238,7.276875569425521,0.875,True,0.0,1.0,1.0,0.0407641739529145,0.0,1.0,40.81528347905829,2
-4.0,61.0,5.5,-4574.735852267282,1301.2171946444855,0.0386563977745507,7.276875569425521,0.875,True,0.0,1.0,1.0,0.0373759145437087,0.0,1.0,40.74751829087418,2
-4.0,62.0,5.5,-3464.3811669670795,1343.1403911528564,0.0348099860508229,7.276875569425521,0.875,True,0.0,1.0,1.0,0.0335243795053827,0.0,1.0,40.670487590107655,2
-4.0,63.0,5.5,-4157.625332118474,1392.667038971842,0.0307560794853738,7.276875569425521,0.875,True,0.0,1.0,1.0,0.0294650732479147,0.0,1.0,40.5893014649583,2
-4.0,64.0,5.5,-4335.898878681759,1449.0176834104827,0.0267146223873778,7.276875569425521,0.875,True,0.0,1.0,1.0,0.0254182330402478,0.0,1.0,40.50836466080496,2
-4.0,65.0,5.5,-4301.332742811012,1449.0176834104827,0.0267146223873778,7.276875569425521,0.875,True,0.0,1.0,1.0,0.0254182330402478,0.0,1.0,40.50836466080496,2
-4.0,66.0,5.5,-4768.75157277726,1392.667038971842,0.0307560794853738,7.276875569425521,0.875,True,0.0,1.0,1.0,0.0294650732479147,0.0,1.0,40.5893014649583,2
-4.0,67.0,5.5,-3379.4169209733614,1343.1403911528564,0.0348099860508229,7.276875569425521,0.875,True,0.0,1.0,1.0,0.0335243795053827,0.0,1.0,40.670487590107655,2
-4.0,68.0,5.5,-4024.384902883873,1301.2171946444855,0.0386563977745507,7.276875569425521,0.875,True,0.0,1.0,1.0,0.0373759145437087,0.0,1.0,40.74751829087418,2
-4.0,69.0,5.5,-3456.2676652253917,1267.652064850099,0.0420401501187238,7.276875569425521,0.875,True,0.0,1.0,1.0,0.0407641739529145,0.0,1.0,40.81528347905829,2
-4.0,70.0,5.5,-4358.486564531646,1196.765089588218,0.050191342667952,7.276875569425521,0.875,True,0.0,1.0,1.0,0.0489262236663725,0.0,1.0,40.978524473327454,2
-4.0,71.0,5.5,-4211.42130689572,1094.398441450539,0.0648293981320226,7.276875569425521,0.875,True,0.0,1.0,1.0,0.0635837766176169,0.0,1.0,41.27167553235234,2
-4.0,72.0,5.5,-4303.317720196596,993.9100834157888,0.0833442874906089,7.276875569425521,0.875,True,0.0,1.0,1.0,0.0821233272994696,0.0,1.0,41.64246654598939,2
-4.0,73.0,5.5,-4446.476770472906,895.9322962594907,0.1064765250016779,7.276875569425521,0.875,True,0.0,1.0,1.0,0.1052863763145172,0.0,1.0,42.10572752629035,2
-4.0,74.0,5.5,-3604.2008305350137,801.3864856066193,0.1348669942447183,7.276875569425521,0.875,True,0.0,1.0,1.0,0.133714660881545,0.0,1.0,42.6742932176309,2
-4.0,75.0,5.5,-4505.184470150363,711.6418884435101,0.1687891930460595,7.276875569425521,0.875,True,0.0,1.0,1.0,0.1676820431184631,0.0,1.0,43.35364086236926,2
-4.0,76.0,5.5,-3941.395079634013,628.7577973618929,0.2076514152435311,7.276875569425521,0.875,True,0.0,1.0,1.0,0.2065960287267713,0.0,1.0,44.13192057453543,2
-4.0,77.0,5.5,-4682.629446115703,555.8119416947138,0.2491924338626107,7.276875569425521,0.875,True,0.0,1.0,1.0,0.2481923788398252,0.0,1.0,44.9638475767965,2
-4.0,78.0,5.5,-4052.1805851576073,497.1980008482959,0.2885188081915255,7.276875569425521,0.875,True,0.0,1.0,1.0,0.2875711348174465,0.0,1.0,45.75142269634893,2
-4.0,79.0,5.5,-4285.672271388084,458.4465124445644,0.317868888634827,7.276875569425521,0.875,True,0.0,1.0,1.0,0.3169603087604545,0.0,1.0,46.33920617520909,1
-4.0,80.0,5.5,-3454.16373278712,444.7797065782349,0.3289171885465591,7.276875569425521,0.875,True,0.0,1.0,1.0,0.3280233247037216,0.0,1.0,46.56046649407444,1
-4.0,81.0,5.5,-3688.283292823248,458.4465124445644,0.317868888634827,7.276875569425521,0.875,True,0.0,1.0,1.0,0.3169603087604545,0.0,1.0,46.33920617520909,1
-4.0,82.0,5.5,-4359.254707966909,497.1980008482959,0.2885188081915255,7.276875569425521,0.875,True,0.0,1.0,1.0,0.2875711348174465,0.0,1.0,45.75142269634893,2
-4.0,83.0,5.5,-3800.437631832681,555.8119416947138,0.2491924338626107,7.276875569425521,0.875,True,0.0,1.0,1.0,0.2481923788398252,0.0,1.0,44.9638475767965,2
-4.0,84.0,5.5,-4031.46519466552,628.7577973618929,0.2076514152435311,7.276875569425521,0.875,True,0.0,1.0,1.0,0.2065960287267713,0.0,1.0,44.13192057453543,2
-4.0,85.0,5.5,-3429.7785348342777,711.6418884435101,0.1687891930460595,7.276875569425521,0.875,True,0.0,1.0,1.0,0.1676820431184631,0.0,1.0,43.35364086236926,2
-4.0,86.0,5.5,-3875.22353104742,801.3864856066193,0.1348669942447183,7.276875569425521,0.875,True,0.0,1.0,1.0,0.133714660881545,0.0,1.0,42.6742932176309,2
-4.0,87.0,5.5,-4044.3549673365305,895.9322962594907,0.1064765250016779,7.276875569425521,0.875,True,0.0,1.0,1.0,0.1052863763145172,0.0,1.0,42.10572752629035,2
-4.0,88.0,5.5,-3198.3503313301403,993.9100834157888,0.0833442874906089,7.276875569425521,0.875,True,0.0,1.0,1.0,0.0821233272994696,0.0,1.0,41.64246654598939,2
-4.0,89.0,5.5,-4884.961221381771,1094.398441450539,0.0648293981320226,7.276875569425521,0.875,True,0.0,1.0,1.0,0.0635837766176169,0.0,1.0,41.27167553235234,2
-4.0,90.0,5.5,-3979.206884601213,1196.765089588218,0.050191342667952,7.276875569425521,0.875,True,0.0,1.0,1.0,0.0489262236663725,0.0,1.0,40.978524473327454,2
-4.0,91.0,5.5,-4525.952441756072,1160.7727024715766,0.0549170312095804,7.276875569425521,0.875,True,0.0,1.0,1.0,0.053658206695131,0.0,1.0,41.07316413390262,2
-4.0,92.0,5.5,-4793.306708334477,1133.908137023856,0.0587320125288176,7.276875569425521,0.875,True,0.0,1.0,1.0,0.0574782694645323,0.0,1.0,41.14956538929065,2
-4.0,93.0,5.5,-4798.859229180744,1117.4794382578928,0.0611944612723787,7.276875569425521,0.875,True,0.0,1.0,1.0,0.0599439981220759,0.0,1.0,41.19887996244152,2
-4.0,94.0,5.5,-4989.933175683313,1111.9492664455872,0.0620463764613552,7.276875569425521,0.875,True,0.0,1.0,1.0,0.0607970480386473,0.0,1.0,41.21594096077296,2
-4.0,95.0,5.5,-3765.634870429855,1117.4794382578928,0.0611944612723787,7.276875569425521,0.875,True,0.0,1.0,1.0,0.0599439981220759,0.0,1.0,41.19887996244152,2
-4.0,96.0,5.5,-3493.5004761069204,1133.908137023856,0.0587320125288176,7.276875569425521,0.875,True,0.0,1.0,1.0,0.0574782694645323,0.0,1.0,41.14956538929065,2
-4.0,97.0,5.5,-3179.942047984992,1160.7727024715766,0.0549170312095804,7.276875569425521,0.875,True,0.0,1.0,1.0,0.053658206695131,0.0,1.0,41.07316413390262,2
-4.0,98.0,5.5,-3607.250499608711,1197.370907613364,0.0501153831542888,7.276875569425521,0.875,True,0.0,1.0,1.0,0.0488501629767269,0.0,1.0,40.97700325953454,2
-4.0,99.0,5.5,-4453.779024389014,1242.8431568574354,0.0447301328211815,7.276875569425521,0.875,True,0.0,1.0,1.0,0.0434577396383283,0.0,1.0,40.86915479276657,2
-4.0,100.0,5.5,-4784.798687052598,1296.2558796990156,0.0391388499962822,7.276875569425521,0.875,True,0.0,1.0,1.0,0.0378590093785269,0.0,1.0,40.75718018757054,2
-3.0,55.0,5.5,-3375.8372029116244,1133.8881138687332,0.0587349526028978,7.276875569425521,0.75,True,0.0,1.0,1.0,0.0574812134547102,0.0,0.7252747252747253,37.85292097239091,4
-3.0,56.0,5.5,-4698.744331549426,1117.4743592953253,0.0611952382882571,7.276875569425521,0.75,True,0.0,1.0,1.0,0.059944776172918,0.0,0.7252747252747253,37.90219222675507,4
-3.0,57.0,5.5,-4395.462710889058,1111.9492664455872,0.0620463764613552,7.276875569425521,0.75,True,0.0,1.0,1.0,0.0607970480386473,0.0,0.7252747252747253,37.919237664069655,4
-3.0,58.0,5.5,-4649.0405463993975,1117.4743592953253,0.0611952382882571,7.276875569425521,0.75,True,0.0,1.0,1.0,0.059944776172918,0.0,0.7252747252747253,37.90219222675507,4
-3.0,59.0,5.5,-3237.46141426152,1133.8881138687332,0.0587349526028978,7.276875569425521,0.75,True,0.0,1.0,1.0,0.0574812134547102,0.0,0.7252747252747253,37.85292097239091,4
-3.0,60.0,5.5,-4134.981900977606,1160.7286870253006,0.054923074536166,7.276875569425521,0.875,True,0.0,1.0,1.0,0.0536642580712614,0.0,1.0,41.07328516142523,2
-3.0,61.0,5.5,-4823.828947520326,1197.2950352518328,0.050124889987065,7.276875569425521,0.875,True,0.0,1.0,1.0,0.0488596824723428,0.0,1.0,40.97719364944686,2
-3.0,62.0,5.5,-4807.968025955608,1242.7289160552607,0.0447429096612774,7.276875569425521,0.875,True,0.0,1.0,1.0,0.0434705334968237,0.0,1.0,40.86941066993648,2
-3.0,63.0,5.5,-4879.199737813315,1296.0981051731608,0.0391542908250455,7.276875569425521,0.875,True,0.0,1.0,1.0,0.0378744707740494,0.0,1.0,40.75748941548099,2
-3.0,64.0,5.5,-4247.085180550485,1356.466272293197,0.0336694062373498,7.276875569425521,0.875,True,0.0,1.0,1.0,0.0323822804709763,0.0,1.0,40.64764560941953,2
-3.0,65.0,5.5,-3419.214040904517,1356.466272293197,0.0336694062373498,7.276875569425521,0.875,True,0.0,1.0,1.0,0.0323822804709763,0.0,1.0,40.64764560941953,2
-3.0,66.0,5.5,-4954.489892445589,1296.0981051731608,0.0391542908250455,7.276875569425521,0.875,True,0.0,1.0,1.0,0.0378744707740494,0.0,1.0,40.75748941548099,2
-3.0,67.0,5.5,-3274.387271738204,1242.7289160552607,0.0447429096612774,7.276875569425521,0.875,True,0.0,1.0,1.0,0.0434705334968237,0.0,1.0,40.86941066993648,2
-3.0,68.0,5.5,-4330.513403001692,1197.2950352518328,0.050124889987065,7.276875569425521,0.875,True,0.0,1.0,1.0,0.0488596824723428,0.0,1.0,40.97719364944686,2
-3.0,69.0,5.5,-3738.358913635601,1160.7286870253006,0.054923074536166,7.276875569425521,0.875,True,0.0,1.0,1.0,0.0536642580712614,0.0,1.0,41.07328516142523,2
-3.0,70.0,5.5,-3676.216463713339,1133.8881138687332,0.0587349526028978,7.276875569425521,0.875,True,0.0,1.0,1.0,0.0574812134547102,0.0,1.0,41.14962426909421,2
-3.0,71.0,5.5,-4236.060351454485,1054.4530084234973,0.0716377921415829,7.276875569425521,0.875,True,0.0,1.0,1.0,0.0704012392206935,0.0,1.0,41.40802478441387,2
-3.0,72.0,5.5,-3257.176185778815,949.6686452326152,0.093091573119996,7.276875569425521,0.875,True,0.0,1.0,1.0,0.0918835960451595,0.0,1.0,41.83767192090319,2
-3.0,73.0,5.5,-3512.604617296548,846.5079846405549,0.1204801871452432,7.276875569425521,0.875,True,0.0,1.0,1.0,0.1193086909508059,0.0,1.0,42.38617381901612,2
-3.0,74.0,5.5,-3305.7523855571444,745.6452813263779,0.1550336322540504,7.276875569425521,0.875,True,0.0,1.0,1.0,0.1539081602979054,0.0,1.0,43.078163205958106,2
-3.0,75.0,5.5,-3128.2565320673807,648.1542441820671,0.1978224019876082,7.276875569425521,0.875,True,0.0,1.0,1.0,0.1967539234955955,0.0,1.0,43.93507846991192,2
-3.0,76.0,5.5,-3021.06379504952,555.8119416947138,0.2491924338626107,7.276875569425521,0.875,True,0.0,1.0,1.0,0.2481923788398252,0.0,1.0,44.9638475767965,2
-3.0,77.0,5.5,-4070.88391449112,471.65228849900194,0.3075459656102439,7.276875569425521,0.875,True,0.0,1.0,1.0,0.3066236358863944,0.0,1.0,46.13247271772789,1
-3.0,78.0,5.5,-3776.908573209704,400.8626244736863,0.3670869414923078,7.276875569425521,0.875,True,0.0,1.0,1.0,0.366243918710314,0.0,1.0,47.32487837420628,1
-3.0,79.0,5.5,-3525.570223742427,351.613161963053,0.415184240230022,7.276875569425521,0.875,True,0.0,1.0,1.0,0.4144052817267522,0.0,1.0,48.28810563453504,1
-3.0,80.0,5.5,-3188.25845037544,333.5847799336762,0.4343250987516106,7.276875569425521,0.875,True,0.0,1.0,1.0,0.4335716353453113,0.0,1.0,48.67143270690623,1
-3.0,81.0,5.5,-4183.924765234194,351.613161963053,0.415184240230022,7.276875569425521,0.875,True,0.0,1.0,1.0,0.4144052817267522,0.0,1.0,48.28810563453504,1
-3.0,82.0,5.5,-4521.998772168077,400.8626244736863,0.3670869414923078,7.276875569425521,0.875,True,0.0,1.0,1.0,0.366243918710314,0.0,1.0,47.32487837420628,1
-3.0,83.0,5.5,-4647.963794986043,471.65228849900194,0.3075459656102439,7.276875569425521,0.875,True,0.0,1.0,1.0,0.3066236358863944,0.0,1.0,46.13247271772789,1
-3.0,84.0,5.5,-3673.020890918733,555.8119416947138,0.2491924338626107,7.276875569425521,0.875,True,0.0,1.0,1.0,0.2481923788398252,0.0,1.0,44.9638475767965,2
-3.0,85.0,5.5,-4626.615144227721,648.1542441820671,0.1978224019876082,7.276875569425521,0.875,True,0.0,1.0,1.0,0.1967539234955955,0.0,1.0,43.93507846991192,2
-3.0,86.0,5.5,-3159.7414321004107,745.6452813263779,0.1550336322540504,7.276875569425521,0.875,True,0.0,1.0,1.0,0.1539081602979054,0.0,1.0,43.078163205958106,2
-3.0,87.0,5.5,-3378.732678174133,846.5079846405549,0.1204801871452432,7.276875569425521,0.875,True,0.0,1.0,1.0,0.1193086909508059,0.0,1.0,42.38617381901612,2
-3.0,88.0,5.5,-4915.10332714871,949.6686452326152,0.093091573119996,7.276875569425521,0.875,True,0.0,1.0,1.0,0.0918835960451595,0.0,1.0,41.83767192090319,2
-3.0,89.0,5.5,-3295.4429549548768,1054.4530084234973,0.0716377921415829,7.276875569425521,0.875,True,0.0,1.0,1.0,0.0704012392206935,0.0,1.0,41.40802478441387,2
-3.0,90.0,5.5,-3965.6103516272183,1094.8950145578808,0.0647489667282487,7.276875569425521,0.875,True,0.0,1.0,1.0,0.0635032380814259,0.0,1.0,41.270064761628525,2
-3.0,91.0,5.5,-3079.8431029842754,1054.7428870358674,0.0715858952891405,7.276875569425521,0.875,True,0.0,1.0,1.0,0.0703492732430714,0.0,1.0,41.40698546486143,2
-3.0,92.0,5.5,-3585.0251076078875,1025.1003493534322,0.0770923771166193,7.276875569425521,0.875,True,0.0,1.0,1.0,0.0758630895528568,0.0,1.0,41.51726179105714,2
-3.0,93.0,5.5,-4023.2407046121302,1006.896031905898,0.0806819755652667,7.276875569425521,0.875,True,0.0,1.0,1.0,0.0794574692478851,0.0,1.0,41.5891493849577,2
-3.0,94.0,5.5,-4437.809197614133,1000.7543398010286,0.0819303445430707,7.276875569425521,0.875,True,0.0,1.0,1.0,0.0807075010188239,0.0,1.0,41.61415002037648,2
-3.0,95.0,5.5,-4592.477104497768,1006.896031905898,0.0806819755652667,7.276875569425521,0.875,True,0.0,1.0,1.0,0.0794574692478851,0.0,1.0,41.5891493849577,2
-3.0,96.0,5.5,-4032.316974866373,1025.1003493534322,0.0770923771166193,7.276875569425521,0.875,True,0.0,1.0,1.0,0.0758630895528568,0.0,1.0,41.51726179105714,2
-3.0,97.0,5.5,-4697.3431132152,1054.7428870358674,0.0715858952891405,7.276875569425521,0.875,True,0.0,1.0,1.0,0.0703492732430714,0.0,1.0,41.40698546486143,2
-3.0,98.0,5.5,-3074.378346145796,1094.8950145578808,0.0647489667282487,7.276875569425521,0.875,True,0.0,1.0,1.0,0.0635032380814259,0.0,1.0,41.270064761628525,2
-3.0,99.0,5.5,-3093.013749020637,1144.451092320723,0.0572042129233883,7.276875569425521,0.875,True,0.0,1.0,1.0,0.0559484348720595,0.0,1.0,41.1189686974412,2
-3.0,100.0,5.5,-4888.708112809944,1202.2487886819722,0.0495079522049716,7.276875569425521,0.875,True,0.0,1.0,1.0,0.0482419229460961,0.0,1.0,40.964838458921925,2
-2.0,55.0,5.5,-3950.36489039001,1025.0708568913708,0.0770980614361908,7.276875569425521,0.75,True,0.0,1.0,1.0,0.0758687814437855,0.0,0.7252747252747253,38.22067233217242,4
-2.0,56.0,5.5,-4877.945856038596,1006.8885261368248,0.0806834895301634,7.276875569425521,0.75,True,0.0,1.0,1.0,0.0794589852293413,0.0,0.7252747252747253,38.292476407883534,4
-2.0,57.0,5.5,-3550.698492554686,1000.7543398010286,0.0819303445430707,7.276875569425521,0.75,True,0.0,1.0,1.0,0.0807075010188239,0.0,0.7252747252747253,38.31744672367318,4
-2.0,58.0,5.5,-3382.212224974803,1006.8885261368248,0.0806834895301634,7.276875569425521,0.75,True,0.0,1.0,1.0,0.0794589852293413,0.0,0.7252747252747253,38.292476407883534,4
-2.0,59.0,5.5,-3245.704989196485,1025.0708568913708,0.0770980614361908,7.276875569425521,0.75,True,0.0,1.0,1.0,0.0758687814437855,0.0,0.7252747252747253,38.22067233217242,4
-2.0,60.0,5.5,-3387.486614396767,1054.6783847208053,0.0715974398598597,7.276875569425521,0.875,True,0.0,1.0,1.0,0.0703608331908413,0.0,1.0,41.407216663816826,2
-2.0,61.0,5.5,-3386.36185347476,1094.784527228349,0.0647668540495973,7.276875569425521,0.875,True,0.0,1.0,1.0,0.0635211492281944,0.0,1.0,41.27042298456389,2
-2.0,62.0,5.5,-3140.056864778064,1144.285890005823,0.0572278434738219,7.276875569425521,0.875,True,0.0,1.0,1.0,0.0559720968977362,0.0,1.0,41.119441937954726,2
-2.0,63.0,5.5,-3690.398582483016,1202.022265807335,0.0495359968542925,7.276875569425521,0.875,True,0.0,1.0,1.0,0.0482700049501184,0.0,1.0,40.965400099002366,2
-2.0,64.0,5.5,-4319.403695786203,1266.8682066435065,0.0421226146846845,7.276875569425521,0.875,True,0.0,1.0,1.0,0.0408467483594084,0.0,1.0,40.816934967188175,2
-2.0,65.0,5.5,-3931.729437205425,1266.8682066435065,0.0421226146846845,7.276875569425521,0.875,True,0.0,1.0,1.0,0.0408467483594084,0.0,1.0,40.816934967188175,2
-2.0,66.0,5.5,-3715.0042330795823,1202.022265807335,0.0495359968542925,7.276875569425521,0.875,True,0.0,1.0,1.0,0.0482700049501184,0.0,1.0,40.965400099002366,2
-2.0,67.0,5.5,-4286.056404543926,1144.285890005823,0.0572278434738219,7.276875569425521,0.875,True,0.0,1.0,1.0,0.0559720968977362,0.0,1.0,41.119441937954726,2
-2.0,68.0,5.5,-3655.719301592909,1094.784527228349,0.0647668540495973,7.276875569425521,0.875,True,0.0,1.0,1.0,0.0635211492281944,0.0,1.0,41.27042298456389,2
-2.0,69.0,5.5,-3077.8205173101574,1054.6783847208053,0.0715974398598597,7.276875569425521,0.875,True,0.0,1.0,1.0,0.0703608331908413,0.0,1.0,41.407216663816826,2
-2.0,70.0,5.5,-4874.553517496868,1025.0708568913708,0.0770980614361908,7.276875569425521,0.875,True,0.0,1.0,1.0,0.0758687814437855,0.0,1.0,41.51737562887571,2
-2.0,71.0,5.5,-3402.6333976360693,1006.8885261368248,0.0806834895301634,7.276875569425521,0.875,True,0.0,1.0,1.0,0.0794589852293413,0.0,1.0,41.58917970458683,2
-2.0,72.0,5.5,-4231.251352880845,916.7613395566872,0.1010738997605026,7.276875569425521,0.875,True,0.0,1.0,1.0,0.0998765549251511,0.0,1.0,41.99753109850303,2
-2.0,73.0,5.5,-4432.5338371029575,809.3591199811491,0.1322054932371895,7.276875569425521,0.875,True,0.0,1.0,1.0,0.1310496148278941,0.0,1.0,42.62099229655789,2
-2.0,74.0,5.5,-4100.027383035091,703.1298137813004,0.1724195489062663,7.276875569425521,0.875,True,0.0,1.0,1.0,0.1713172345128017,0.0,1.0,43.42634469025604,2
-2.0,75.0,5.5,-3831.702606049336,598.6981038097018,0.2238575740416,7.276875569425521,0.875,True,0.0,1.0,1.0,0.222823773682515,0.0,1.0,44.4564754736503,2
-2.0,76.0,5.5,-3211.980843763433,497.1980008482959,0.2885188081915255,7.276875569425521,0.875,True,0.0,1.0,1.0,0.2875711348174465,0.0,1.0,45.75142269634893,2
-2.0,77.0,5.5,-3585.286767227023,400.8626244736863,0.3670869414923078,7.276875569425521,0.875,True,0.0,1.0,1.0,0.366243918710314,0.0,1.0,47.32487837420628,1
-2.0,78.0,5.5,-4085.2376333995935,314.4748051008686,0.4555786030921616,7.276875569425521,0.875,True,0.0,1.0,1.0,0.4548534487689433,0.0,1.0,49.09706897537887,1
-2.0,79.0,5.5,-3565.8295862911746,248.6293148468125,0.537098761961055,7.276875569425521,0.875,True,0.0,1.0,1.0,0.536482190246766,0.0,1.0,50.72964380493532,1
-2.0,80.0,5.5,-3744.2288751776655,222.38985328911747,0.5735130238682982,7.276875569425521,0.875,True,0.0,1.0,1.0,0.5729449549490846,0.0,1.0,51.45889909898169,1
-2.0,81.0,5.5,-3996.2449845431647,248.6293148468125,0.537098761961055,7.276875569425521,0.875,True,0.0,1.0,1.0,0.536482190246766,0.0,1.0,50.72964380493532,1
-2.0,82.0,5.5,-3827.427671221088,314.4748051008686,0.4555786030921616,7.276875569425521,0.875,True,0.0,1.0,1.0,0.4548534487689433,0.0,1.0,49.09706897537887,1
-2.0,83.0,5.5,-3560.4037351365278,400.8626244736863,0.3670869414923078,7.276875569425521,0.875,True,0.0,1.0,1.0,0.366243918710314,0.0,1.0,47.32487837420628,1
-2.0,84.0,5.5,-4571.934877372359,497.1980008482959,0.2885188081915255,7.276875569425521,0.875,True,0.0,1.0,1.0,0.2875711348174465,0.0,1.0,45.75142269634893,2
-2.0,85.0,5.5,-4841.122683036378,598.6981038097018,0.2238575740416,7.276875569425521,0.875,True,0.0,1.0,1.0,0.222823773682515,0.0,1.0,44.4564754736503,2
-2.0,86.0,5.5,-3869.311514000335,703.1298137813004,0.1724195489062663,7.276875569425521,0.875,True,0.0,1.0,1.0,0.1713172345128017,0.0,1.0,43.42634469025604,2
-2.0,87.0,5.5,-4950.828944512834,809.3591199811491,0.1322054932371895,7.276875569425521,0.875,True,0.0,1.0,1.0,0.1310496148278941,0.0,1.0,42.62099229655789,2
-2.0,88.0,5.5,-4233.713796003704,916.7613395566872,0.1010738997605026,7.276875569425521,0.875,True,0.0,1.0,1.0,0.0998765549251511,0.0,1.0,41.99753109850303,2
-2.0,89.0,5.5,-4298.259235886702,1024.9678152753809,0.0771179247666182,7.276875569425521,0.875,True,0.0,1.0,1.0,0.0758886712316226,0.0,1.0,41.51777342463245,2
-2.0,90.0,5.5,-3244.7718876782733,994.2743960872436,0.083268413598064,7.276875569425521,0.875,True,0.0,1.0,1.0,0.0820473523449871,0.0,1.0,41.64094704689975,2
-2.0,91.0,5.5,-3353.7214050508906,949.8830950458776,0.0930416778200586,7.276875569425521,0.875,True,0.0,1.0,1.0,0.0918336342860551,0.0,1.0,41.83667268572111,2
-2.0,92.0,5.5,-3385.77991027732,916.8600651720786,0.1010489563814326,7.276875569425521,0.875,True,0.0,1.0,1.0,0.0998515783221863,0.0,1.0,41.99703156644373,2
-2.0,93.0,5.5,-3598.151660691677,896.4625248065689,0.1063354762745346,7.276875569425521,0.875,True,0.0,1.0,1.0,0.1051451397143497,0.0,1.0,42.102902794287,2
-2.0,94.0,5.5,-3998.474506695594,889.5594131564699,0.1081865169213727,7.276875569425521,0.875,True,0.0,1.0,1.0,0.1069986458964057,0.0,1.0,42.13997291792811,2
-2.0,95.0,5.5,-4626.605358032103,896.4625248065689,0.1063354762745346,7.276875569425521,0.875,True,0.0,1.0,1.0,0.1051451397143497,0.0,1.0,42.102902794287,2
-2.0,96.0,5.5,-3748.0878618029496,916.8600651720786,0.1010489563814326,7.276875569425521,0.875,True,0.0,1.0,1.0,0.0998515783221863,0.0,1.0,41.99703156644373,2
-2.0,97.0,5.5,-4494.684715793735,949.8830950458776,0.0930416778200586,7.276875569425521,0.875,True,0.0,1.0,1.0,0.0918336342860551,0.0,1.0,41.83667268572111,2
-2.0,98.0,5.5,-4764.093701095901,994.2743960872436,0.083268413598064,7.276875569425521,0.875,True,0.0,1.0,1.0,0.0820473523449871,0.0,1.0,41.64094704689975,2
-2.0,99.0,5.5,-4135.664094423895,1048.5911403914802,0.0726953505085143,7.276875569425521,0.875,True,0.0,1.0,1.0,0.0714602062262755,0.0,1.0,41.42920412452551,2
-2.0,100.0,5.5,-3137.4125366036687,1111.3789887994403,0.0621348987029813,7.276875569425521,0.875,True,0.0,1.0,1.0,0.0608856881894639,0.0,1.0,41.21771376378928,2
-1.0,55.0,5.5,-4542.858700962783,916.8189015191666,0.1010593557769388,7.276875569425521,0.75,True,0.0,1.0,1.0,0.0998619915694013,0.0,0.7252747252747253,38.70053653468473,4
-1.0,56.0,5.5,-4707.765946262319,896.4520007127597,0.1063382740226581,7.276875569425521,0.75,True,0.0,1.0,1.0,0.1051479411889966,0.0,0.7252747252747253,38.80625552707664,4
-1.0,57.0,5.5,-3030.033131577204,889.5594131564699,0.1081865169213727,7.276875569425521,0.75,True,0.0,1.0,1.0,0.1069986458964057,0.0,0.7252747252747253,38.84326962122482,4
-1.0,58.0,5.5,-4430.867663702737,896.4520007127597,0.1063382740226581,7.276875569425521,0.75,True,0.0,1.0,1.0,0.1051479411889966,0.0,0.7252747252747253,38.80625552707664,4
-1.0,59.0,5.5,-3342.387473890676,916.8189015191666,0.1010593557769388,7.276875569425521,0.75,True,0.0,1.0,1.0,0.0998619915694013,0.0,0.7252747252747253,38.70053653468473,4
-1.0,60.0,5.5,-3908.9282007098736,949.7936832340984,0.0930624777071286,7.276875569425521,0.875,True,0.0,1.0,1.0,0.0918544618780026,0.0,1.0,41.83708923756006,2
-1.0,61.0,5.5,-3803.4657236420494,994.1225072517228,0.0833000384579556,7.276875569425521,0.875,True,0.0,1.0,1.0,0.082079019328322,0.0,1.0,41.641580386566446,2
-1.0,62.0,5.5,-3701.362443571617,1048.366049342396,0.0727362697023887,7.276875569425521,0.875,True,0.0,1.0,1.0,0.0715011799233903,0.0,1.0,41.430023598467805,2
-1.0,63.0,5.5,-4760.145125850902,1111.0730752467837,0.0621824366478067,7.276875569425521,0.875,True,0.0,1.0,1.0,0.060933289453524,0.0,1.0,41.218665789070485,2
-1.0,64.0,5.5,-3940.819993343885,1180.896035786735,0.052222591546782,7.276875569425521,0.875,True,0.0,1.0,1.0,0.0509601781128279,0.0,1.0,41.01920356225656,2
-1.0,65.0,5.5,-3653.5753559779055,1180.896035786735,0.052222591546782,7.276875569425521,0.875,True,0.0,1.0,1.0,0.0509601781128279,0.0,1.0,41.01920356225656,2
-1.0,66.0,5.5,-3338.65794724674,1111.0730752467837,0.0621824366478067,7.276875569425521,0.875,True,0.0,1.0,1.0,0.060933289453524,0.0,1.0,41.218665789070485,2
-1.0,67.0,5.5,-4446.884300706644,1048.366049342396,0.0727362697023887,7.276875569425521,0.875,True,0.0,1.0,1.0,0.0715011799233903,0.0,1.0,41.430023598467805,2
-1.0,68.0,5.5,-4443.003679955954,994.1225072517228,0.0833000384579556,7.276875569425521,0.875,True,0.0,1.0,1.0,0.082079019328322,0.0,1.0,41.641580386566446,2
-1.0,69.0,5.5,-3036.7484970844826,949.7936832340984,0.0930624777071286,7.276875569425521,0.875,True,0.0,1.0,1.0,0.0918544618780026,0.0,1.0,41.83708923756006,2
-1.0,70.0,5.5,-3426.45971804273,916.8189015191666,0.1010593557769388,7.276875569425521,0.875,True,0.0,1.0,1.0,0.0998619915694013,0.0,1.0,41.99723983138803,2
-1.0,71.0,5.5,-3979.310203318621,896.4520007127597,0.1063382740226581,7.276875569425521,0.875,True,0.0,1.0,1.0,0.1051479411889966,0.0,1.0,42.102958823779936,2
-1.0,72.0,5.5,-3543.283487272247,889.5594131564699,0.1081865169213727,7.276875569425521,0.875,True,0.0,1.0,1.0,0.1069986458964057,0.0,1.0,42.13997291792811,2
-1.0,73.0,5.5,-4895.924928067399,786.2277058264274,0.1400761235411391,7.276875569425521,0.875,True,0.0,1.0,1.0,0.1389307285948814,0.0,1.0,42.778614571897634,2
-1.0,74.0,5.5,-3658.122199157184,676.3388963495987,0.1843632577171476,7.276875569425521,0.875,True,0.0,1.0,1.0,0.1832768520152382,0.0,1.0,43.66553704030477,2
-1.0,75.0,5.5,-4508.716238479707,566.9574070213938,0.2423448620253817,7.276875569425521,0.875,True,0.0,1.0,1.0,0.2413356862252912,0.0,1.0,44.82671372450583,2
-1.0,76.0,5.5,-4531.8539462744175,458.4465124445644,0.317868888634827,7.276875569425521,0.875,True,0.0,1.0,1.0,0.3169603087604545,0.0,1.0,46.33920617520909,1
-1.0,77.0,5.5,-3514.631096799382,351.613161963053,0.415184240230022,7.276875569425521,0.875,True,0.0,1.0,1.0,0.4144052817267522,0.0,1.0,48.28810563453504,1
-1.0,78.0,5.5,-3266.372551861182,248.6293148468125,0.537098761961055,7.276875569425521,0.875,True,0.0,1.0,1.0,0.536482190246766,0.0,1.0,50.72964380493532,1
-1.0,79.0,5.5,-4405.867799619436,157.24938127194395,0.6749454182844863,7.276875569425521,0.875,True,0.0,1.0,1.0,0.6745124545241497,0.0,1.0,53.490249090483,1
-1.0,80.0,5.5,-3330.902116080354,111.19492664455872,0.7573064266651235,7.276875569425521,0.875,True,0.0,1.0,1.0,0.7569831655021334,0.0,1.0,55.13966331004268,1
-1.0,81.0,5.5,-3407.3492109862127,157.24938127194395,0.6749454182844863,7.276875569425521,0.875,True,0.0,1.0,1.0,0.6745124545241497,0.0,1.0,53.490249090483,1
-1.0,82.0,5.5,-3182.5519654748305,248.6293148468125,0.537098761961055,7.276875569425521,0.875,True,0.0,1.0,1.0,0.536482190246766,0.0,1.0,50.72964380493532,1
-1.0,83.0,5.5,-4851.1882183204725,351.613161963053,0.415184240230022,7.276875569425521,0.875,True,0.0,1.0,1.0,0.4144052817267522,0.0,1.0,48.28810563453504,1
-1.0,84.0,5.5,-3024.685084903004,458.4465124445644,0.317868888634827,7.276875569425521,0.875,True,0.0,1.0,1.0,0.3169603087604545,0.0,1.0,46.33920617520909,1
-1.0,85.0,5.5,-4507.28338754898,566.9574070213938,0.2423448620253817,7.276875569425521,0.875,True,0.0,1.0,1.0,0.2413356862252912,0.0,1.0,44.82671372450583,2
-1.0,86.0,5.5,-3634.307745944669,676.3388963495987,0.1843632577171476,7.276875569425521,0.875,True,0.0,1.0,1.0,0.1832768520152382,0.0,1.0,43.66553704030477,2
-1.0,87.0,5.5,-3309.397301169769,786.2277058264274,0.1400761235411391,7.276875569425521,0.875,True,0.0,1.0,1.0,0.1389307285948814,0.0,1.0,42.778614571897634,2
-1.0,88.0,5.5,-3426.59688460296,896.4372847307887,0.1063421862749318,7.276875569425521,0.875,True,0.0,1.0,1.0,0.1051518586522827,0.0,1.0,42.10303717304566,2
-1.0,89.0,5.5,-4092.604831667263,956.0253519996484,0.0916238765722566,7.276875569425521,0.875,True,0.0,1.0,1.0,0.090413944565996,0.0,1.0,41.80827889131992,2
-1.0,90.0,5.5,-4460.884722531663,896.1342639824005,0.1064227765188983,7.276875569425521,0.875,True,0.0,1.0,1.0,0.1052325562402372,0.0,1.0,42.10465112480475,2
-1.0,91.0,5.5,-4690.166472150402,846.6282083178679,0.120443981158682,7.276875569425521,0.875,True,0.0,1.0,1.0,0.1192724367388666,0.0,1.0,42.38544873477733,2
-1.0,92.0,5.5,-4429.859812107094,809.4150002303697,0.132187025337432,7.276875569425521,0.875,True,0.0,1.0,1.0,0.1310311223294022,0.0,1.0,42.62062244658805,2
-1.0,93.0,5.5,-4742.044212287608,786.2420861749399,0.1400710877729728,7.276875569425521,0.875,True,0.0,1.0,1.0,0.1389256861192104,0.0,1.0,42.77851372238421,2
-1.0,94.0,5.5,-3065.7580698098354,778.3644865119112,0.1428569903965864,7.276875569425521,0.875,True,0.0,1.0,1.0,0.1417152994884762,0.0,1.0,42.834305989769526,2
-1.0,95.0,5.5,-4725.065468297575,786.2420861749399,0.1400710877729728,7.276875569425521,0.875,True,0.0,1.0,1.0,0.1389256861192104,0.0,1.0,42.77851372238421,2
-1.0,96.0,5.5,-4429.945218271681,809.4150002303697,0.132187025337432,7.276875569425521,0.875,True,0.0,1.0,1.0,0.1310311223294022,0.0,1.0,42.62062244658805,2
-1.0,97.0,5.5,-4626.542618636272,846.6282083178679,0.120443981158682,7.276875569425521,0.875,True,0.0,1.0,1.0,0.1192724367388666,0.0,1.0,42.38544873477733,2
-1.0,98.0,5.5,-3976.867347053556,896.1342639824005,0.1064227765188983,7.276875569425521,0.875,True,0.0,1.0,1.0,0.1052325562402372,0.0,1.0,42.10465112480475,2
-1.0,99.0,5.5,-4655.612964355999,956.0253519996484,0.0916238765722566,7.276875569425521,0.875,True,0.0,1.0,1.0,0.090413944565996,0.0,1.0,41.80827889131992,2
-1.0,100.0,5.5,-4740.181351772235,1024.4817293287608,0.0772116965801833,7.276875569425521,0.875,True,0.0,1.0,1.0,0.0759825679466636,0.0,1.0,41.51965135893328,2
0.0,55.0,5.5,-3758.728569039836,809.3591199811491,0.1322054932371895,7.276875569425521,0.47,True,0.0,1.0,1.0,0.1310496148278941,0.0,0.1098901098901098,31.939673615239204,3
0.0,56.0,5.5,-3095.841294460143,786.2277058264274,0.1400761235411391,7.276875569425521,0.47,True,0.0,1.0,1.0,0.1389307285948814,0.0,0.1098901098901098,32.097295890578955,3
0.0,57.0,5.5,-3598.4585226952163,778.3644865119112,0.1428569903965864,7.276875569425521,0.47,True,0.0,1.0,1.0,0.1417152994884762,0.0,0.1098901098901098,32.15298730845085,3
0.0,58.0,5.5,-4118.340286122743,786.2277058264274,0.1400761235411391,7.276875569425521,0.47,True,0.0,1.0,1.0,0.1389307285948814,0.0,0.1098901098901098,32.097295890578955,3
0.0,59.0,5.5,-3359.720048873678,809.3591199811491,0.1322054932371895,7.276875569425521,0.47,True,0.0,1.0,1.0,0.1310496148278941,0.0,0.1098901098901098,31.939673615239204,3
0.0,60.0,5.5,-4127.320192272882,846.5079846405549,0.1204801871452432,7.276875569425521,0.595,True,0.0,1.0,1.0,0.1193086909508059,0.0,0.3846153846153845,35.001558434400735,4
0.0,61.0,5.5,-3459.422556906658,895.9322962594907,0.1064765250016779,7.276875569425521,0.595,True,0.0,1.0,1.0,0.1052863763145172,0.0,0.3846153846153845,34.721112141674965,4
0.0,62.0,5.5,-4317.325649886421,955.7294672244544,0.0916916769208337,7.276875569425521,0.595,True,0.0,1.0,1.0,0.0904818352227721,0.0,0.3846153846153845,34.42502131984006,4
0.0,63.0,5.5,-4307.421926126264,1024.083999598976,0.0772885082297432,7.276875569425521,0.595,True,0.0,1.0,1.0,0.0760594819072276,0.0,0.3846153846153845,34.136574253529176,4
0.0,64.0,5.5,-3245.2353906659064,1099.4008302017085,0.0640236920717501,7.276875569425521,0.595,True,0.0,1.0,1.0,0.0627769973790377,0.0,0.3846153846153845,33.87092456296537,4
0.0,65.0,5.5,-4997.16407610828,1099.4008302017085,0.0640236920717501,7.276875569425521,0.595,True,0.0,1.0,1.0,0.0627769973790377,0.0,0.3846153846153845,33.87092456296537,4
0.0,66.0,5.5,-3592.8845417100924,1024.083999598976,0.0772885082297432,7.276875569425521,0.875,True,0.0,1.0,1.0,0.0760594819072276,0.0,1.0,41.52118963814456,2
0.0,67.0,5.5,-3494.7646732697926,955.7294672244544,0.0916916769208337,7.276875569425521,0.875,True,0.0,1.0,1.0,0.0904818352227721,0.0,1.0,41.80963670445544,2
0.0,68.0,5.5,-4723.725577293961,895.9322962594907,0.1064765250016779,7.276875569425521,0.875,True,0.0,1.0,1.0,0.1052863763145172,0.0,1.0,42.10572752629035,2
0.0,69.0,5.5,-4393.92097888724,846.5079846405549,0.1204801871452432,7.276875569425521,0.875,True,0.0,1.0,1.0,0.1193086909508059,0.0,1.0,42.38617381901612,2
0.0,70.0,5.5,-3386.613170709565,809.3591199811491,0.1322054932371895,7.276875569425521,0.875,True,0.0,1.0,1.0,0.1310496148278941,0.0,1.0,42.62099229655789,2
0.0,71.0,5.5,-4662.88191745918,786.2277058264274,0.1400761235411391,7.276875569425521,0.875,True,0.0,1.0,1.0,0.1389307285948814,0.0,1.0,42.778614571897634,2
0.0,72.0,5.5,-4597.670866564643,778.3644865119112,0.1428569903965864,7.276875569425521,0.875,True,0.0,1.0,1.0,0.1417152994884762,0.0,1.0,42.834305989769526,2
0.0,73.0,5.5,-4626.816322766205,778.3644865119112,0.1428569903965864,7.276875569425521,0.875,True,0.0,1.0,1.0,0.1417152994884762,0.0,1.0,42.834305989769526,2
0.0,74.0,5.5,-4024.751027245464,667.1695598673524,0.1886382914055963,7.276875569425521,0.875,True,0.0,1.0,1.0,0.1875575799309504,0.0,1.0,43.75115159861901,2
0.0,75.0,5.5,-4738.937377316306,555.9746332227936,0.2490911007269334,7.276875569425521,0.875,True,0.0,1.0,1.0,0.248090910731199,0.0,1.0,44.96181821462398,2
0.0,76.0,5.5,-4523.790917215759,444.7797065782349,0.3289171885465591,7.276875569425521,0.875,True,0.0,1.0,1.0,0.3280233247037216,0.0,1.0,46.56046649407444,1
0.0,77.0,5.5,-3457.91390546204,333.5847799336762,0.4343250987516106,7.276875569425521,0.875,True,0.0,1.0,1.0,0.4335716353453113,0.0,1.0,48.67143270690623,1
0.0,78.0,5.5,-4069.666111239804,222.38985328911747,0.5735130238682982,7.276875569425521,0.875,True,0.0,1.0,1.0,0.5729449549490846,0.0,1.0,51.45889909898169,1
0.0,79.0,5.5,-4042.1917658303305,111.19492664455872,0.7573064266651235,7.276875569425521,0.875,True,0.0,1.0,1.0,0.7569831655021334,0.0,1.0,55.13966331004268,1
0.0,80.0,5.5,-4964.616222056709,0.0,1.0,7.276875569425521,0.875,True,0.0,1.0,1.0,1.0,0.0,1.0,60.00000000000001,1
0.0,81.0,5.5,-3484.777568141388,111.19492664455872,0.7573064266651235,7.276875569425521,0.875,True,0.0,1.0,1.0,0.7569831655021334,0.0,1.0,55.13966331004268,1
0.0,82.0,5.5,-3707.043734496772,222.38985328911747,0.5735130238682982,7.276875569425521,0.875,True,0.0,1.0,1.0,0.5729449549490846,0.0,1.0,51.45889909898169,1
0.0,83.0,5.5,-3853.126564351895,333.5847799336762,0.4343250987516106,7.276875569425521,0.875,True,0.0,1.0,1.0,0.4335716353453113,0.0,1.0,48.67143270690623,1
0.0,84.0,5.5,-3484.606886049135,444.7797065782349,0.3289171885465591,7.276875569425521,0.875,True,0.0,1.0,1.0,0.3280233247037216,0.0,1.0,46.56046649407444,1
0.0,85.0,5.5,-3917.1097858638336,555.9746332227936,0.2490911007269334,7.276875569425521,0.875,True,0.0,1.0,1.0,0.248090910731199,0.0,1.0,44.96181821462398,2
0.0,86.0,5.5,-4130.586477906587,667.1695598673524,0.1886382914055963,7.276875569425521,0.875,True,0.0,1.0,1.0,0.1875575799309504,0.0,1.0,43.75115159861901,2
0.0,87.0,5.5,-3733.729917429224,778.3644865119112,0.1428569903965864,7.276875569425521,0.875,True,0.0,1.0,1.0,0.1417152994884762,0.0,1.0,42.834305989769526,2
0.0,88.0,5.5,-4804.973586630195,889.5594131564699,0.1081865169213727,7.276875569425521,0.875,True,0.0,1.0,1.0,0.1069986458964057,0.0,1.0,42.13997291792811,2
0.0,89.0,5.5,-3038.106576096642,867.8085613727542,0.1142322750049903,7.276875569425521,0.875,True,0.0,1.0,1.0,0.1130524567634672,0.0,1.0,42.26104913526935,2
0.0,90.0,5.5,-3549.347843577345,801.3864856066193,0.1348669942447183,7.276875569425521,0.595,True,0.0,1.0,1.0,0.133714660881545,0.0,0.3846153846153845,35.28967783301552,4
0.0,91.0,5.5,-4067.2069776875855,745.6452813263779,0.1550336322540504,7.276875569425521,0.595,True,0.0,1.0,1.0,0.1539081602979054,0.0,0.3846153846153845,35.693547821342726,4
0.0,92.0,5.5,-4265.868661395596,703.1298137813003,0.1724195489062663,7.276875569425521,0.595,True,0.0,1.0,1.0,0.1713172345128017,0.0,0.3846153846153845,36.04172930564065,4
0.0,93.0,5.5,-4576.13479161227,676.3388963495987,0.1843632577171476,7.276875569425521,0.595,True,0.0,1.0,1.0,0.1832768520152382,0.0,0.3846153846153845,36.28092165568938,4
0.0,94.0,5.5,-4848.992868813747,667.1695598673524,0.1886382914055963,7.276875569425521,0.595,True,0.0,1.0,1.0,0.1875575799309504,0.0,0.3846153846153845,36.36653621400362,4
0.0,95.0,5.5,-4352.146665041256,676.3388963495987,0.1843632577171476,7.276875569425521,0.595,True,0.0,1.0,1.0,0.1832768520152382,0.0,0.3846153846153845,36.28092165568938,4
0.0,96.0,5.5,-3918.9925653571,703.1298137813003,0.1724195489062663,7.276875569425521,0.595,True,0.0,1.0,1.0,0.1713172345128017,0.0,0.3846153846153845,36.04172930564065,4
0.0,97.0,5.5,-4682.324822499941,745.6452813263779,0.1550336322540504,7.276875569425521,0.595,True,0.0,1.0,1.0,0.1539081602979054,0.0,0.3846153846153845,35.693547821342726,4
0.0,98.0,5.5,-3207.5872422789525,801.3864856066193,0.1348669942447183,7.276875569425521,0.595,True,0.0,1.0,1.0,0.133714660881545,0.0,0.3846153846153845,35.28967783301552,4
0.0,99.0,5.5,-3492.835022754554,867.8085613727542,0.1142322750049903,7.276875569425521,0.595,True,0.0,1.0,1.0,0.1130524567634672,0.0,0.3846153846153845,34.87643375065396,4
0.0,100.0,5.5,-4383.060578463716,942.6563456428306,0.0947379268632124,7.276875569425521,0.595,True,0.0,1.0,1.0,0.0935321426862693,0.0,0.3846153846153845,34.486027469110006,4
1.0,55.0,5.5,-3325.2715095445715,703.0548631722688,0.1724518593087758,7.276875569425521,0.47,True,0.0,1.0,1.0,0.1713495879518785,0.0,0.1098901098901098,32.7456730777189,3
1.0,56.0,5.5,-3796.621354664407,676.3194186969152,0.1843722353444782,7.276875569425521,0.47,True,0.0,1.0,1.0,0.1832858416005215,0.0,0.1098901098901098,32.98439815069175,3
1.0,57.0,5.5,-3150.637270623468,667.1695598673524,0.1886382914055963,7.276875569425521,0.47,True,0.0,1.0,1.0,0.1875575799309504,0.0,0.1098901098901098,33.06983291730033,3
1.0,58.0,5.5,-3544.390887452233,676.3194186969152,0.1843722353444782,7.276875569425521,0.47,True,0.0,1.0,1.0,0.1832858416005215,0.0,0.1098901098901098,32.98439815069175,3
1.0,59.0,5.5,-4320.970771970666,703.0548631722688,0.1724518593087758,7.276875569425521,0.47,True,0.0,1.0,1.0,0.1713495879518785,0.0,0.1098901098901098,32.7456730777189,3
1.0,60.0,5.5,-3981.0151367889134,745.4862294518223,0.1550952904863828,7.276875569425521,0.595,True,0.0,1.0,1.0,0.153969900657307,0.0,0.3846153846153845,35.69478262853076,4
1.0,61.0,5.5,-3271.887476436788,801.1233327418071,0.1349557500267003,7.276875569425521,0.595,True,0.0,1.0,1.0,0.1338035348837869,0.0,0.3846153846153845,35.291455313060354,4
1.0,62.0,5.5,-4865.822658087588,867.4287495769464,0.114340793431332,7.276875569425521,0.595,True,0.0,1.0,1.0,0.1131611197333673,0.0,0.3846153846153845,34.878607010051965,4
1.0,63.0,5.5,-4715.776291561242,942.1526793417052,0.094857292751159,7.276875569425521,0.595,True,0.0,1.0,1.0,0.0936516675662948,0.0,0.3846153846153845,34.488417966710514,4
1.0,64.0,5.5,-3115.1522373329503,1023.4527305294224,0.0774105791405884,7.276875569425521,0.595,True,0.0,1.0,1.0,0.0761817154131678,0.0,0.3846153846153845,34.139018923647974,4
1.0,65.0,5.5,-4082.069365801329,1023.4527305294224,0.0774105791405884,7.276875569425521,0.595,True,0.0,1.0,1.0,0.0761817154131678,0.0,0.3846153846153845,34.139018923647974,4
1.0,66.0,5.5,-4208.976792725543,942.1526793417052,0.094857292751159,7.276875569425521,0.875,True,0.0,1.0,1.0,0.0936516675662948,0.0,1.0,41.8730333513259,2
1.0,67.0,5.5,-3917.637322110079,867.4287495769464,0.114340793431332,7.276875569425521,0.875,True,0.0,1.0,1.0,0.1131611197333673,0.0,1.0,42.26322239466735,2
1.0,68.0,5.5,-3022.4186978809084,801.1233327418071,0.1349557500267003,7.276875569425521,0.875,True,0.0,1.0,1.0,0.1338035348837869,0.0,1.0,42.67607069767574,2
1.0,69.0,5.5,-4638.595344289867,745.4862294518223,0.1550952904863828,7.276875569425521,0.875,True,0.0,1.0,1.0,0.153969900657307,0.0,1.0,43.07939801314614,2
1.0,70.0,5.5,-4549.7204192575455,703.0548631722688,0.1724518593087758,7.276875569425521,0.875,True,0.0,1.0,1.0,0.1713495879518785,0.0,1.0,43.42699175903758,2
1.0,71.0,5.5,-4269.522407843652,676.3194186969152,0.1843722353444782,7.276875569425521,0.875,True,0.0,1.0,1.0,0.1832858416005215,0.0,1.0,43.66571683201043,2
1.0,72.0,5.5,-3340.8798214880703,667.1695598673524,0.1886382914055963,7.276875569425521,0.875,True,0.0,1.0,1.0,0.1875575799309504,0.0,1.0,43.75115159861901,2
1.0,73.0,5.5,-3026.5385092812,676.3194186969152,0.1843722353444782,7.276875569425521,0.875,True,0.0,1.0,1.0,0.1832858416005215,0.0,1.0,43.66571683201043,2
1.0,74.0,5.5,-4229.324392897926,676.3388963495987,0.1843632577171476,7.276875569425521,0.875,True,0.0,1.0,1.0,0.1832768520152382,0.0,1.0,43.66553704030477,2
1.0,75.0,5.5,-3415.84539587818,566.9574070213938,0.2423448620253817,7.276875569425521,0.875,True,0.0,1.0,1.0,0.2413356862252912,0.0,1.0,44.82671372450583,2
1.0,76.0,5.5,-4710.393973587254,458.4465124445644,0.317868888634827,7.276875569425521,0.875,True,0.0,1.0,1.0,0.3169603087604545,0.0,1.0,46.33920617520909,1
1.0,77.0,5.5,-3879.82218511301,351.613161963053,0.415184240230022,7.276875569425521,0.875,True,0.0,1.0,1.0,0.4144052817267522,0.0,1.0,48.28810563453504,1
1.0,78.0,5.5,-4782.386117328593,248.6293148468125,0.537098761961055,7.276875569425521,0.875,True,0.0,1.0,1.0,0.536482190246766,0.0,1.0,50.72964380493532,1
1.0,79.0,5.5,-3250.0964476839013,157.24938127194395,0.6749454182844863,7.276875569425521,0.875,True,0.0,1.0,1.0,0.6745124545241497,0.0,1.0,53.490249090483,1
1.0,80.0,5.5,-4359.920039057994,111.19492664455872,0.7573064266651235,7.276875569425521,0.875,True,0.0,1.0,1.0,0.7569831655021334,0.0,1.0,55.13966331004268,1
1.0,81.0,5.5,-4838.926587366359,157.24938127194395,0.6749454182844863,7.276875569425521,0.875,True,0.0,1.0,1.0,0.6745124545241497,0.0,1.0,53.490249090483,1
1.0,82.0,5.5,-3569.6283369377315,248.6293148468125,0.537098761961055,7.276875569425521,0.875,True,0.0,1.0,1.0,0.536482190246766,0.0,1.0,50.72964380493532,1
1.0,83.0,5.5,-4194.475244147625,351.613161963053,0.415184240230022,7.276875569425521,0.875,True,0.0,1.0,1.0,0.4144052817267522,0.0,1.0,48.28810563453504,1
1.0,84.0,5.5,-4663.313058327229,458.4465124445644,0.317868888634827,7.276875569425521,0.875,True,0.0,1.0,1.0,0.3169603087604545,0.0,1.0,46.33920617520909,1
1.0,85.0,5.5,-3259.1063441860424,566.9574070213938,0.2423448620253817,7.276875569425521,0.875,True,0.0,1.0,1.0,0.2413356862252912,0.0,1.0,44.82671372450583,2
1.0,86.0,5.5,-4404.676069621274,676.3388963495987,0.1843632577171476,7.276875569425521,0.875,True,0.0,1.0,1.0,0.1832768520152382,0.0,1.0,43.66553704030477,2
1.0,87.0,5.5,-4089.1408022674186,786.2277058264274,0.1400761235411391,7.276875569425521,0.875,True,0.0,1.0,1.0,0.1389307285948814,0.0,1.0,42.778614571897634,2
1.0,88.0,5.5,-3189.3044840142675,867.339562357177,0.1143662906174362,7.276875569425521,0.875,True,0.0,1.0,1.0,0.113186650881022,0.0,1.0,42.26373301762044,2
1.0,89.0,5.5,-4154.443109207021,785.4076364862665,0.1403635984626692,7.276875569425521,0.875,True,0.0,1.0,1.0,0.1392185864250983,0.0,1.0,42.78437172850197,2
1.0,90.0,5.5,-3112.0164253504904,711.3878540029593,0.168896422763073,7.276875569425521,0.595,True,0.0,1.0,1.0,0.1677894156625097,0.0,0.3846153846153845,35.971172928634815,4
1.0,91.0,5.5,-4618.278694389734,647.9973898412769,0.1978999904553672,7.276875569425521,0.595,True,0.0,1.0,1.0,0.196831615309059,0.0,0.3846153846153845,36.5520169215658,4
1.0,92.0,5.5,-3793.117258597578,598.622645944126,0.2238998075618642,7.276875569425521,0.595,True,0.0,1.0,1.0,0.2228660634566663,0.0,0.3846153846153845,37.07270588451795,4
1.0,93.0,5.5,-3415.6275084760587,566.9374888551725,0.2423569299889555,7.276875569425521,0.595,True,0.0,1.0,1.0,0.2413477702630605,0.0,0.3846153846153845,37.44234002064583,4
1.0,94.0,5.5,-4317.571049003427,555.9746332227936,0.2490911007269334,7.276875569425521,0.595,True,0.0,1.0,1.0,0.248090910731199,0.0,0.3846153846153845,37.5772028300086,4
1.0,95.0,5.5,-3413.362631075904,566.9374888551725,0.2423569299889555,7.276875569425521,0.595,True,0.0,1.0,1.0,0.2413477702630605,0.0,0.3846153846153845,37.44234002064583,4
1.0,96.0,5.5,-4336.254478495345,598.622645944126,0.2238998075618642,7.276875569425521,0.595,True,0.0,1.0,1.0,0.2228660634566663,0.0,0.3846153846153845,37.07270588451795,4
1.0,97.0,5.5,-4961.835576412335,647.9973898412769,0.1978999904553672,7.276875569425521,0.595,True,0.0,1.0,1.0,0.196831615309059,0.0,0.3846153846153845,36.5520169215658,4
1.0,98.0,5.5,-3879.7372363573336,711.3878540029593,0.168896422763073,7.276875569425521,0.595,True,0.0,1.0,1.0,0.1677894156625097,0.0,0.3846153846153845,35.971172928634815,4
1.0,99.0,5.5,-4230.359873625455,785.4076364862665,0.1403635984626692,7.276875569425521,0.595,True,0.0,1.0,1.0,0.1392185864250983,0.0,0.3846153846153845,35.39975634388659,4
1.0,100.0,5.5,-3522.4224425454154,867.339562357177,0.1143662906174362,7.276875569425521,0.595,True,0.0,1.0,1.0,0.113186650881022,0.0,0.3846153846153845,34.87911763300506,4
2.0,55.0,5.5,-4077.247164001406,598.522163801099,0.2239560594581751,7.276875569425521,0.47,True,0.0,1.0,1.0,0.2229223902789555,0.0,0.1098901098901098,33.77712912426043,3
2.0,56.0,5.5,-3599.27630566314,566.9109679812616,0.2423729993156196,7.276875569425521,0.47,True,0.0,1.0,1.0,0.2413638609936256,0.0,0.1098901098901098,34.145958538553835,3
2.0,57.0,5.5,-4334.372577035135,555.9746332227936,0.2490911007269334,7.276875569425521,0.47,True,0.0,1.0,1.0,0.248090910731199,0.0,0.1098901098901098,34.2804995333053,3
2.0,58.0,5.5,-3320.00157058033,566.9109679812616,0.2423729993156196,7.276875569425521,0.47,True,0.0,1.0,1.0,0.2413638609936256,0.0,0.1098901098901098,34.145958538553835,3
2.0,59.0,5.5,-3136.5241951507123,598.522163801099,0.2239560594581751,7.276875569425521,0.47,True,0.0,1.0,1.0,0.2229223902789555,0.0,0.1098901098901098,33.77712912426043,3
2.0,60.0,5.5,-4002.9768336426782,647.7884893669485,0.1980033709530005,7.276875569425521,0.595,True,0.0,1.0,1.0,0.196935133506671,0.0,0.3846153846153845,36.55408728551804,4
2.0,61.0,5.5,-4896.672445749402,711.0494827808019,0.1690393574332441,7.276875569425521,0.595,True,0.0,1.0,1.0,0.1679325407177292,0.0,0.3846153846153845,35.9740354297392,4
2.0,62.0,5.5,-3111.408332004139,784.9286180649124,0.1405317910251162,7.276875569425521,0.595,True,0.0,1.0,1.0,0.1393870030154113,0.0,0.3846153846153845,35.40312467569285,4
2.0,63.0,5.5,-4796.358622638535,866.7147280883261,0.1145450801673256,7.276875569425521,0.595,True,0.0,1.0,1.0,0.1133656785736732,0.0,0.3846153846153845,34.88269818685808,4
2.0,64.0,5.5,-3478.1346808348044,954.3770534076074,0.0920022143207426,7.276875569425521,0.595,True,0.0,1.0,1.0,0.0907927862499546,0.0,0.3846153846153845,34.43124034038371,4
2.0,65.0,5.5,-3702.622218855269,954.3770534076074,0.0920022143207426,7.276875569425521,0.595,True,0.0,1.0,1.0,0.0907927862499546,0.0,0.3846153846153845,34.43124034038371,4
2.0,66.0,5.5,-3637.5233350145927,866.7147280883261,0.1145450801673256,7.276875569425521,0.875,True,0.0,1.0,1.0,0.1133656785736732,0.0,1.0,42.267313571473466,2
2.0,67.0,5.5,-3362.67816702647,784.9286180649124,0.1405317910251162,7.276875569425521,0.875,True,0.0,1.0,1.0,0.1393870030154113,0.0,1.0,42.78774006030823,2
2.0,68.0,5.5,-3451.5320397467835,711.0494827808019,0.1690393574332441,7.276875569425521,0.875,True,0.0,1.0,1.0,0.1679325407177292,0.0,1.0,43.35865081435459,2
2.0,69.0,5.5,-4319.73920832166,647.7884893669485,0.1980033709530005,7.276875569425521,0.875,True,0.0,1.0,1.0,0.196935133506671,0.0,1.0,43.938702670133424,2
2.0,70.0,5.5,-3308.030494846951,598.522163801099,0.2239560594581751,7.276875569425521,0.875,True,0.0,1.0,1.0,0.2229223902789555,0.0,1.0,44.45844780557911,2
2.0,71.0,5.5,-3684.731443654083,566.9109679812616,0.2423729993156196,7.276875569425521,0.875,True,0.0,1.0,1.0,0.2413638609936256,0.0,1.0,44.827277219872514,2
2.0,72.0,5.5,-4911.9618732995,555.9746332227936,0.2490911007269334,7.276875569425521,0.875,True,0.0,1.0,1.0,0.248090910731199,0.0,1.0,44.96181821462398,2
2.0,73.0,5.5,-3389.230940088932,566.9109679812616,0.2423729993156196,7.276875569425521,0.875,True,0.0,1.0,1.0,0.2413638609936256,0.0,1.0,44.827277219872514,2
2.0,74.0,5.5,-4849.231808505645,598.522163801099,0.2239560594581751,7.276875569425521,0.875,True,0.0,1.0,1.0,0.2229223902789555,0.0,1.0,44.45844780557911,2
2.0,75.0,5.5,-4732.9897740727565,598.6981038097018,0.2238575740416,7.276875569425521,0.875,True,0.0,1.0,1.0,0.222823773682515,0.0,1.0,44.4564754736503,2
2.0,76.0,5.5,-3265.666735014865,497.1980008482959,0.2885188081915255,7.276875569425521,0.875,True,0.0,1.0,1.0,0.2875711348174465,0.0,1.0,45.75142269634893,2
2.0,77.0,5.5,-3885.0490026794,400.8626244736863,0.3670869414923078,7.276875569425521,0.875,True,0.0,1.0,1.0,0.366243918710314,0.0,1.0,47.32487837420628,1
2.0,78.0,5.5,-4809.054856432034,314.4748051008686,0.4555786030921616,7.276875569425521,0.875,True,0.0,1.0,1.0,0.4548534487689433,0.0,1.0,49.09706897537887,1
2.0,79.0,5.5,-3027.381733534089,248.6293148468125,0.537098761961055,7.276875569425521,0.875,True,0.0,1.0,1.0,0.536482190246766,0.0,1.0,50.72964380493532,1
2.0,80.0,5.5,-3898.939555218082,222.38985328911747,0.5735130238682982,7.276875569425521,0.875,True,0.0,1.0,1.0,0.5729449549490846,0.0,1.0,51.45889909898169,1
2.0,81.0,5.5,-3120.5798287089347,248.6293148468125,0.537098761961055,7.276875569425521,0.875,True,0.0,1.0,1.0,0.536482190246766,0.0,1.0,50.72964380493532,1
2.0,82.0,5.5,-3121.619024781094,314.4748051008686,0.4555786030921616,7.276875569425521,0.875,True,0.0,1.0,1.0,0.4548534487689433,0.0,1.0,49.09706897537887,1
2.0,83.0,5.5,-3068.442611926607,400.8626244736863,0.3670869414923078,7.276875569425521,0.875,True,0.0,1.0,1.0,0.366243918710314,0.0,1.0,47.32487837420628,1
2.0,84.0,5.5,-4414.326239194612,497.1980008482959,0.2885188081915255,7.276875569425521,0.875,True,0.0,1.0,1.0,0.2875711348174465,0.0,1.0,45.75142269634893,2
2.0,85.0,5.5,-3715.166839978122,598.6981038097018,0.2238575740416,7.276875569425521,0.875,True,0.0,1.0,1.0,0.222823773682515,0.0,1.0,44.4564754736503,2
2.0,86.0,5.5,-4495.280930184224,703.1298137813004,0.1724195489062663,7.276875569425521,0.875,True,0.0,1.0,1.0,0.1713172345128017,0.0,1.0,43.42634469025604,2
2.0,87.0,5.5,-3686.1321482745448,809.3591199811491,0.1322054932371895,7.276875569425521,0.875,True,0.0,1.0,1.0,0.1310496148278941,0.0,1.0,42.62099229655789,2
2.0,88.0,5.5,-3496.935073481192,800.3709926745569,0.1352098204311091,7.276875569425521,0.875,True,0.0,1.0,1.0,0.1340579437029846,0.0,1.0,42.68115887405969,2
2.0,89.0,5.5,-3073.429723194869,710.848033168783,0.169124511156602,7.276875569425521,0.875,True,0.0,1.0,1.0,0.168017807863504,0.0,1.0,43.36035615727008,2
2.0,90.0,5.5,-3464.1247973468294,628.1829440569564,0.2079500525387457,7.276875569425521,0.595,True,0.0,1.0,1.0,0.2068950637986474,0.0,0.3846153846153845,36.75328589135757,4
2.0,91.0,5.5,-3405.492141271935,555.4462604717994,0.2494203505126758,7.276875569425521,0.595,True,0.0,1.0,1.0,0.2484205990685981,0.0,0.3846153846153845,37.58379659675658,4
2.0,92.0,5.5,-3645.388290500336,497.0163655307723,0.2886498509551098,7.276875569425521,0.595,True,0.0,1.0,1.0,0.2877023521263868,0.0,0.3846153846153845,38.36943165791236,3
2.0,93.0,5.5,-4663.272926105341,458.3972753832617,0.3179080183679587,7.276875569425521,0.595,True,0.0,1.0,1.0,0.3169994906133143,0.0,0.3846153846153845,38.95537442765091,3
2.0,94.0,5.5,-3188.1186565861976,444.7797065782349,0.3289171885465591,7.276875569425521,0.595,True,0.0,1.0,1.0,0.3280233247037216,0.0,0.3846153846153845,39.17585110945905,3
2.0,95.0,5.5,-4971.982115103605,458.3972753832617,0.3179080183679587,7.276875569425521,0.595,True,0.0,1.0,1.0,0.3169994906133143,0.0,0.3846153846153845,38.95537442765091,3
2.0,96.0,5.5,-4194.839770021583,497.0163655307723,0.2886498509551098,7.276875569425521,0.595,True,0.0,1.0,1.0,0.2877023521263868,0.0,0.3846153846153845,38.36943165791236,3
2.0,97.0,5.5,-3122.981619614247,555.4462604717994,0.2494203505126758,7.276875569425521,0.595,True,0.0,1.0,1.0,0.2484205990685981,0.0,0.3846153846153845,37.58379659675658,4
2.0,98.0,5.5,-3653.662156287811,628.1829440569564,0.2079500525387457,7.276875569425521,0.595,True,0.0,1.0,1.0,0.2068950637986474,0.0,0.3846153846153845,36.75328589135757,4
2.0,99.0,5.5,-4726.486893402449,710.848033168783,0.169124511156602,7.276875569425521,0.595,True,0.0,1.0,1.0,0.168017807863504,0.0,0.3846153846153845,35.9757407726547,4
2.0,100.0,5.5,-4081.9801559311545,800.3709926745569,0.1352098204311091,7.276875569425521,0.595,True,0.0,1.0,1.0,0.1340579437029846,0.0,0.3846153846153845,35.29654348944431,4
3.0,55.0,5.5,-3501.074248407126,496.8803862282493,0.2887479936493992,7.276875569425521,0.47,True,0.0,1.0,1.0,0.287800625544045,0.0,0.1098901098901098,35.07469382956223,3
3.0,56.0,5.5,-4298.195709882784,458.36042289085793,0.3179373089743078,7.276875569425521,0.47,True,0.0,1.0,1.0,0.3170288202339453,0.0,0.1098901098901098,35.65925772336023,3
3.0,57.0,5.5,-3263.8360508691835,444.7797065782349,0.3289171885465591,7.276875569425521,0.47,True,0.0,1.0,1.0,0.3280233247037216,0.0,0.1098901098901098,35.879147812755754,3
3.0,58.0,5.5,-4190.397433510294,458.36042289085793,0.3179373089743078,7.276875569425521,0.47,True,0.0,1.0,1.0,0.3170288202339453,0.0,0.1098901098901098,35.65925772336023,3
3.0,59.0,5.5,-4351.518922749658,496.8803862282493,0.2887479936493992,7.276875569425521,0.47,True,0.0,1.0,1.0,0.287800625544045,0.0,0.1098901098901098,35.07469382956223,3
3.0,60.0,5.5,-4347.841196266195,555.1724272981728,0.2495911578872817,7.276875569425521,0.595,True,0.0,1.0,1.0,0.2485916339539279,0.0,0.3846153846153845,37.58721729446318,4
3.0,61.0,5.5,-4719.613060422148,627.7523803064806,0.2081740124397218,7.276875569425521,0.595,True,0.0,1.0,1.0,0.2071193220080502,0.0,0.3846153846153845,36.757771055545625,4
3.0,62.0,5.5,-4839.540986461816,710.2533334349379,0.1693761439221029,7.276875569425521,0.595,True,0.0,1.0,1.0,0.1682697757969259,0.0,0.3846153846153845,35.98078013132314,4
3.0,63.0,5.5,-4667.314389868274,799.610158010825,0.1354672459719926,7.276875569425521,0.595,True,0.0,1.0,1.0,0.1343157121276066,0.0,0.3846153846153845,35.30169885793676,4
3.0,64.0,5.5,-4822.1665882318985,893.7687368916497,0.1070540060697957,7.276875569425521,0.595,True,0.0,1.0,1.0,0.1058646265715307,0.0,0.3846153846153845,34.732677146815234,4
3.0,65.0,5.5,-3734.8262880570414,893.7687368916497,0.1070540060697957,7.276875569425521,0.595,True,0.0,1.0,1.0,0.1058646265715307,0.0,0.3846153846153845,34.732677146815234,4
3.0,66.0,5.5,-3489.2863405931894,799.610158010825,0.1354672459719926,7.276875569425521,0.875,True,0.0,1.0,1.0,0.1343157121276066,0.0,1.0,42.686314242552136,2
3.0,67.0,5.5,-3353.15434226152,710.2533334349379,0.1693761439221029,7.276875569425521,0.875,True,0.0,1.0,1.0,0.1682697757969259,0.0,1.0,43.36539551593852,2
3.0,68.0,5.5,-4185.663592269544,627.7523803064806,0.2081740124397218,7.276875569425521,0.875,True,0.0,1.0,1.0,0.2071193220080502,0.0,1.0,44.142386440161005,2
3.0,69.0,5.5,-3690.336744124904,555.1724272981728,0.2495911578872817,7.276875569425521,0.875,True,0.0,1.0,1.0,0.2485916339539279,0.0,1.0,44.97183267907856,2
3.0,70.0,5.5,-4264.1553484313445,496.8803862282493,0.2887479936493992,7.276875569425521,0.875,True,0.0,1.0,1.0,0.287800625544045,0.0,1.0,45.75601251088091,2
3.0,71.0,5.5,-4425.001851394894,458.36042289085793,0.3179373089743078,7.276875569425521,0.875,True,0.0,1.0,1.0,0.3170288202339453,0.0,1.0,46.340576404678906,1
3.0,72.0,5.5,-3332.702662409249,444.7797065782349,0.3289171885465591,7.276875569425521,0.875,True,0.0,1.0,1.0,0.3280233247037216,0.0,1.0,46.56046649407444,1
3.0,73.0,5.5,-4675.82526317082,458.36042289085793,0.3179373089743078,7.276875569425521,0.875,True,0.0,1.0,1.0,0.3170288202339453,0.0,1.0,46.340576404678906,1
3.0,74.0,5.5,-3218.753974382809,496.8803862282493,0.2887479936493992,7.276875569425521,0.875,True,0.0,1.0,1.0,0.287800625544045,0.0,1.0,45.75601251088091,2
3.0,75.0,5.5,-3722.0687120293273,555.1724272981728,0.2495911578872817,7.276875569425521,0.875,True,0.0,1.0,1.0,0.2485916339539279,0.0,1.0,44.97183267907856,2
3.0,76.0,5.5,-3458.524877552103,555.8119416947138,0.2491924338626107,7.276875569425521,0.875,True,0.0,1.0,1.0,0.2481923788398252,0.0,1.0,44.9638475767965,2
3.0,77.0,5.5,-3171.294023610278,471.65228849900194,0.3075459656102439,7.276875569425521,0.875,True,0.0,1.0,1.0,0.3066236358863944,0.0,1.0,46.13247271772789,1
3.0,78.0,5.5,-3423.5249352527703,400.8626244736863,0.3670869414923078,7.276875569425521,0.875,True,0.0,1.0,1.0,0.366243918710314,0.0,1.0,47.32487837420628,1
3.0,79.0,5.5,-4293.757104927787,351.613161963053,0.415184240230022,7.276875569425521,0.875,True,0.0,1.0,1.0,0.4144052817267522,0.0,1.0,48.28810563453504,1
3.0,80.0,5.5,-3461.987025273056,333.5847799336762,0.4343250987516106,7.276875569425521,0.875,True,0.0,1.0,1.0,0.4335716353453113,0.0,1.0,48.67143270690623,1
3.0,81.0,5.5,-3709.717565179938,351.613161963053,0.415184240230022,7.276875569425521,0.875,True,0.0,1.0,1.0,0.4144052817267522,0.0,1.0,48.28810563453504,1
3.0,82.0,5.5,-4646.298101558364,400.8626244736863,0.3670869414923078,7.276875569425521,0.875,True,0.0,1.0,1.0,0.366243918710314,0.0,1.0,47.32487837420628,1
3.0,83.0,5.5,-4596.203978446643,471.65228849900194,0.3075459656102439,7.276875569425521,0.875,True,0.0,1.0,1.0,0.3066236358863944,0.0,1.0,46.13247271772789,1
3.0,84.0,5.5,-4849.548093309,555.8119416947138,0.2491924338626107,7.276875569425521,0.875,True,0.0,1.0,1.0,0.2481923788398252,0.0,1.0,44.9638475767965,2
3.0,85.0,5.5,-4256.916067494475,648.1542441820671,0.1978224019876082,7.276875569425521,0.875,True,0.0,1.0,1.0,0.1967539234955955,0.0,1.0,43.93507846991192,2
3.0,86.0,5.5,-3938.467014943201,745.6452813263779,0.1550336322540504,7.276875569425521,0.875,True,0.0,1.0,1.0,0.1539081602979054,0.0,1.0,43.078163205958106,2
3.0,87.0,5.5,-3915.2676089698753,844.5447193682533,0.1210729771287567,7.276875569425521,0.875,True,0.0,1.0,1.0,0.1199022705142693,0.0,1.0,42.39804541028539,2
3.0,88.0,5.5,-3904.0335884943775,744.0084094213705,0.1556693576105383,7.276875569425521,0.875,True,0.0,1.0,1.0,0.1545447324230789,0.0,1.0,43.09089464846158,2
3.0,89.0,5.5,-4055.51988569145,646.8470299530098,0.1984699501632852,7.276875569425521,0.875,True,0.0,1.0,1.0,0.1974023341876279,0.0,1.0,43.948046683752565,2
3.0,90.0,5.5,-3236.97061380045,554.8366789112649,0.249800745407434,7.276875569425521,0.595,True,0.0,1.0,1.0,0.2488015006388911,0.0,0.3846153846153845,37.59141462816244,4
3.0,91.0,5.5,-3038.440802551087,471.0060543931626,0.3080432339219883,7.276875569425521,0.595,True,0.0,1.0,1.0,0.3071215665458499,0.0,0.3846153846153845,38.75781594630162,3
3.0,92.0,5.5,-4271.44529560093,400.5248207867787,0.3673970807372301,7.276875569425521,0.595,True,0.0,1.0,1.0,0.3665544710521784,0.0,0.3846153846153845,39.946474036428185,3
3.0,93.0,5.5,-3926.35308468741,351.51691691256497,0.4152841508198216,7.276875569425521,0.595,True,0.0,1.0,1.0,0.4145053253947087,0.0,0.3846153846153845,40.90549112327879,3
3.0,94.0,5.5,-3653.455202163405,333.5847799336762,0.4343250987516106,7.276875569425521,0.595,True,0.0,1.0,1.0,0.4335716353453113,0.0,0.3846153846153845,41.28681732229085,3
3.0,95.0,5.5,-4303.682985927454,351.51691691256497,0.4152841508198216,7.276875569425521,0.595,True,0.0,1.0,1.0,0.4145053253947087,0.0,0.3846153846153845,40.90549112327879,3
3.0,96.0,5.5,-3792.501655994758,400.5248207867787,0.3673970807372301,7.276875569425521,0.595,True,0.0,1.0,1.0,0.3665544710521784,0.0,0.3846153846153845,39.946474036428185,3
3.0,97.0,5.5,-4030.5108659795856,471.0060543931626,0.3080432339219883,7.276875569425521,0.595,True,0.0,1.0,1.0,0.3071215665458499,0.0,0.3846153846153845,38.75781594630162,3
3.0,98.0,5.5,-3455.150898349463,554.8366789112649,0.249800745407434,7.276875569425521,0.595,True,0.0,1.0,1.0,0.2488015006388911,0.0,0.3846153846153845,37.59141462816244,4
3.0,99.0,5.5,-4722.458588742858,646.8470299530098,0.1984699501632852,7.276875569425521,0.595,True,0.0,1.0,1.0,0.1974023341876279,0.0,0.3846153846153845,36.56343129913718,4
3.0,100.0,5.5,-3353.987268531886,744.0084094213705,0.1556693576105383,7.276875569425521,0.595,True,0.0,1.0,1.0,0.1545447324230789,0.0,0.3846153846153845,35.7062792638462,4
4.0,55.0,5.5,-4959.089107077245,400.3375631802625,0.3675691157476182,7.276875569425521,0.47,True,0.0,1.0,1.0,0.3667267352084675,0.0,0.1098901098901098,36.65321602285067,3
4.0,56.0,5.5,-3497.62429758404,351.4635881476744,0.4153395209878726,7.276875569425521,0.47,True,0.0,1.0,1.0,0.4145607693143003,0.0,0.1098901098901098,37.609896704967326,3
4.0,57.0,5.5,-4660.566520920654,333.5847799336762,0.4343250987516106,7.276875569425521,0.47,True,0.0,1.0,1.0,0.4335716353453113,0.0,0.1098901098901098,37.99011402558755,3
4.0,58.0,5.5,-3308.923351257312,351.4635881476744,0.4153395209878726,7.276875569425521,0.47,True,0.0,1.0,1.0,0.4145607693143003,0.0,0.1098901098901098,37.609896704967326,3
4.0,59.0,5.5,-4142.525434856952,400.3375631802625,0.3675691157476182,7.276875569425521,0.47,True,0.0,1.0,1.0,0.3667267352084675,0.0,0.1098901098901098,36.65321602285067,3
4.0,60.0,5.5,-3692.459946595317,470.64767507880026,0.3083193484030833,7.276875569425521,0.595,True,0.0,1.0,1.0,0.3073980488038376,0.0,0.3846153846153845,38.763345591461366,3
4.0,61.0,5.5,-4686.6960566667785,554.2956701745428,0.2501388349569075,7.276875569425521,0.595,True,0.0,1.0,1.0,0.2491400405143434,0.0,0.3846153846153845,37.59818542567149,4
4.0,62.0,5.5,-3366.763539956802,646.121730412663,0.1988301520414798,7.276875569425521,0.595,True,0.0,1.0,1.0,0.1977630158448148,0.0,0.3846153846153845,36.57064493228091,4
4.0,63.0,5.5,-4692.603073330507,743.1000770393715,0.1560232580785347,7.276875569425521,0.595,True,0.0,1.0,1.0,0.1548991042767625,0.0,0.3846153846153845,35.71336670091987,4
4.0,64.0,5.5,-4248.90465665658,843.4551624328316,0.1214032164475522,7.276875569425521,0.595,True,0.0,1.0,1.0,0.1202329497027523,0.0,0.3846153846153845,35.02004360943967,4
4.0,65.0,5.5,-4011.94036130896,843.4551624328316,0.1214032164475522,7.276875569425521,0.595,True,0.0,1.0,1.0,0.1202329497027523,0.0,0.3846153846153845,35.02004360943967,4
4.0,66.0,5.5,-3056.5933126531254,743.1000770393715,0.1560232580785347,7.276875569425521,0.875,True,0.0,1.0,1.0,0.1548991042767625,0.0,1.0,43.09798208553525,2
4.0,67.0,5.5,-3754.6137008540554,646.121730412663,0.1988301520414798,7.276875569425521,0.875,True,0.0,1.0,1.0,0.1977630158448148,0.0,1.0,43.9552603168963,2
4.0,68.0,5.5,-3341.2627341736884,554.2956701745428,0.2501388349569075,7.276875569425521,0.875,True,0.0,1.0,1.0,0.2491400405143434,0.0,1.0,44.98280081028688,2
4.0,69.0,5.5,-3833.867825815915,470.64767507880026,0.3083193484030833,7.276875569425521,0.875,True,0.0,1.0,1.0,0.3073980488038376,0.0,1.0,46.14796097607675,1
4.0,70.0,5.5,-4479.296494598908,400.3375631802625,0.3675691157476182,7.276875569425521,0.875,True,0.0,1.0,1.0,0.3667267352084675,0.0,1.0,47.33453470416935,1
4.0,71.0,5.5,-3871.816446013003,351.4635881476744,0.4153395209878726,7.276875569425521,0.875,True,0.0,1.0,1.0,0.4145607693143003,0.0,1.0,48.291215386286005,1
4.0,72.0,5.5,-3081.1782470313183,333.5847799336762,0.4343250987516106,7.276875569425521,0.875,True,0.0,1.0,1.0,0.4335716353453113,0.0,1.0,48.67143270690623,1
4.0,73.0,5.5,-4617.312026812517,351.4635881476744,0.4153395209878726,7.276875569425521,0.875,True,0.0,1.0,1.0,0.4145607693143003,0.0,1.0,48.291215386286005,1
4.0,74.0,5.5,-4537.337660826751,400.3375631802625,0.3675691157476182,7.276875569425521,0.875,True,0.0,1.0,1.0,0.3667267352084675,0.0,1.0,47.33453470416935,1
4.0,75.0,5.5,-4554.111887916217,470.64767507880026,0.3083193484030833,7.276875569425521,0.875,True,0.0,1.0,1.0,0.3073980488038376,0.0,1.0,46.14796097607675,1
4.0,76.0,5.5,-3815.5408451110416,554.2956701745428,0.2501388349569075,7.276875569425521,0.875,True,0.0,1.0,1.0,0.2491400405143434,0.0,1.0,44.98280081028688,2
4.0,77.0,5.5,-3135.2054022511843,470.64767507880026,0.3083193484030833,7.276875569425521,0.875,True,0.0,1.0,1.0,0.3073980488038376,0.0,1.0,46.14796097607675,1
4.0,78.0,5.5,-4307.860156339741,400.3375631802625,0.3675691157476182,7.276875569425521,0.875,True,0.0,1.0,1.0,0.3667267352084675,0.0,1.0,47.33453470416935,1
4.0,79.0,5.5,-4600.5523781335305,351.4635881476744,0.4153395209878726,7.276875569425521,0.875,True,0.0,1.0,1.0,0.4145607693143003,0.0,1.0,48.291215386286005,1
4.0,80.0,5.5,-3346.839862150198,333.5847799336762,0.4343250987516106,7.276875569425521,0.875,True,0.0,1.0,1.0,0.4335716353453113,0.0,1.0,48.67143270690623,1
4.0,81.0,5.5,-4757.490994974369,351.4635881476744,0.4153395209878726,7.276875569425521,0.875,True,0.0,1.0,1.0,0.4145607693143003,0.0,1.0,48.291215386286005,1
4.0,82.0,5.5,-3780.061250127251,400.3375631802625,0.3675691157476182,7.276875569425521,0.875,True,0.0,1.0,1.0,0.3667267352084675,0.0,1.0,47.33453470416935,1
4.0,83.0,5.5,-3053.709352007473,470.64767507880026,0.3083193484030833,7.276875569425521,0.875,True,0.0,1.0,1.0,0.3073980488038376,0.0,1.0,46.14796097607675,1
4.0,84.0,5.5,-3370.333022408413,554.2956701745428,0.2501388349569075,7.276875569425521,0.875,True,0.0,1.0,1.0,0.2491400405143434,0.0,1.0,44.98280081028688,2
4.0,85.0,5.5,-3774.106878386251,646.121730412663,0.1988301520414798,7.276875569425521,0.875,True,0.0,1.0,1.0,0.1977630158448148,0.0,1.0,43.9552603168963,2
4.0,86.0,5.5,-4490.749416590711,743.1000770393715,0.1560232580785347,7.276875569425521,0.875,True,0.0,1.0,1.0,0.1548991042767625,0.0,1.0,43.09798208553525,2
4.0,87.0,5.5,-3667.329624944382,806.62149767593,0.1331134184063142,7.276875569425521,0.875,True,0.0,1.0,1.0,0.1319587493283664,0.0,1.0,42.639174986567326,2
4.0,88.0,5.5,-4038.4076246483846,700.8154932008682,0.1734200256715296,7.276875569425521,0.875,True,0.0,1.0,1.0,0.1723190438855924,0.0,1.0,43.44638087771185,2
4.0,89.0,5.5,-3728.670617484068,596.8112519648037,0.2249160337160984,7.276875569425521,0.875,True,0.0,1.0,1.0,0.2238836431961807,0.0,1.0,44.477672863923615,2
4.0,90.0,5.5,-4888.829369881675,495.7443898542241,0.289569200892487,7.276875569425521,0.595,True,0.0,1.0,1.0,0.2886229266125885,0.0,0.3846153846153845,38.38784314763639,3
4.0,91.0,5.5,-4020.9587892659897,399.8488481721808,0.3680184815649253,7.276875569425521,0.595,True,0.0,1.0,1.0,0.3671766995686807,0.0,0.3846153846153845,39.95891860675824,3
4.0,92.0,5.5,-4249.849714645108,313.9007392720313,0.4562329027646731,7.276875569425521,0.595,True,0.0,1.0,1.0,0.4555086199506182,0.0,0.3846153846153845,41.72555701439698,3
4.0,93.0,5.5,-3831.001457145695,248.44790355892636,0.5373424066520737,7.276875569425521,0.595,True,0.0,1.0,1.0,0.5367261594658103,0.0,0.3846153846153845,43.34990780470082,3
4.0,94.0,5.5,-3154.230160269362,222.38985328911747,0.5735130238682982,7.276875569425521,0.595,True,0.0,1.0,1.0,0.5729449549490846,0.0,0.3846153846153845,44.07428371436631,3
4.0,95.0,5.5,-3411.4487858165385,248.44790355892636,0.5373424066520737,7.276875569425521,0.595,True,0.0,1.0,1.0,0.5367261594658103,0.0,0.3846153846153845,43.34990780470082,3
4.0,96.0,5.5,-3625.032216786553,313.9007392720313,0.4562329027646731,7.276875569425521,0.595,True,0.0,1.0,1.0,0.4555086199506182,0.0,0.3846153846153845,41.72555701439698,3
4.0,97.0,5.5,-4659.139537672903,399.8488481721808,0.3680184815649253,7.276875569425521,0.595,True,0.0,1.0,1.0,0.3671766995686807,0.0,0.3846153846153845,39.95891860675824,3
4.0,98.0,5.5,-4846.338578286057,495.7443898542241,0.289569200892487,7.276875569425521,0.595,True,0.0,1.0,1.0,0.2886229266125885,0.0,0.3846153846153845,38.38784314763639,3
4.0,99.0,5.5,-3693.177891294418,596.8112519648037,0.2249160337160984,7.276875569425521,0.595,True,0.0,1.0,1.0,0.2238836431961807,0.0,0.3846153846153845,37.09305747930824,4
4.0,100.0,5.5,-3358.6668808503177,700.8154932008682,0.1734200256715296,7.276875569425521,0.595,True,0.0,1.0,1.0,0.1723190438855924,0.0,0.3846153846153845,36.06176549309647,4
5.0,55.0,5.5,-4727.755719035476,313.6382117169125,0.4565324353196766,7.276875569425521,0.47,True,0.0,1.0,1.0,0.4558085514747446,0.0,0.1098901098901098,38.43485234817621,3
5.0,56.0,5.5,-3285.868130155539,248.36500819285385,0.5374537761804616,7.276875569425521,0.47,True,0.0,1.0,1.0,0.5368376773353463,0.0,0.1098901098901098,40.05543486538824,3
5.0,57.0,5.5,-4130.17860327828,222.38985328911747,0.5735130238682982,7.276875569425521,0.47,True,0.0,1.0,1.0,0.5729449549490846,0.0,0.1098901098901098,40.77758041766301,3
5.0,58.0,5.5,-4870.751218128851,248.36500819285385,0.5374537761804616,7.276875569425521,0.47,True,0.0,1.0,1.0,0.5368376773353463,0.0,0.1098901098901098,40.05543486538824,3
5.0,59.0,5.5,-3675.2310602299353,313.6382117169125,0.4565324353196766,7.276875569425521,0.47,True,0.0,1.0,1.0,0.4558085514747446,0.0,0.1098901098901098,38.43485234817621,3
5.0,60.0,5.5,-3431.66572521101,399.3849973361693,0.3684454933051185,7.276875569425521,0.595,True,0.0,1.0,1.0,0.3676042800767645,0.0,0.3846153846153845,39.96747021691991,3
5.0,61.0,5.5,-4180.131487265068,495.0791026667532,0.2900512183295013,7.276875569425521,0.595,True,0.0,1.0,1.0,0.2891055860835683,0.0,0.3846153846153845,38.39749633705598,3
5.0,62.0,5.5,-3908.985050708623,595.9475372826872,0.2254022166327594,7.276875569425521,0.595,True,0.0,1.0,1.0,0.2243704736951115,0.0,0.3846153846153845,37.10279408928685,4
5.0,63.0,5.5,-3889.237170976494,699.7559973000956,0.1738799790668152,7.276875569425521,0.595,True,0.0,1.0,1.0,0.1727796099261469,0.0,0.3846153846153845,36.07097681390756,4
5.0,64.0,5.5,-3378.021049003824,805.3681349906147,0.1335311710378278,7.276875569425521,0.595,True,0.0,1.0,1.0,0.1323770583948925,0.0,0.3846153846153845,35.26292578328247,4
5.0,65.0,5.5,-4708.166824846661,805.3681349906147,0.1335311710378278,7.276875569425521,0.595,True,0.0,1.0,1.0,0.1323770583948925,0.0,0.3846153846153845,35.26292578328247,4
5.0,66.0,5.5,-4859.815648777211,699.7559973000956,0.1738799790668152,7.276875569425521,0.875,True,0.0,1.0,1.0,0.1727796099261469,0.0,1.0,43.45559219852294,2
5.0,67.0,5.5,-4390.230961136221,595.9475372826872,0.2254022166327594,7.276875569425521,0.875,True,0.0,1.0,1.0,0.2243704736951115,0.0,1.0,44.48740947390223,2
5.0,68.0,5.5,-4324.044224715253,495.0791026667532,0.2900512183295013,7.276875569425521,0.875,True,0.0,1.0,1.0,0.2891055860835683,0.0,1.0,45.78211172167137,2
5.0,69.0,5.5,-4547.837212140296,399.3849973361693,0.3684454933051185,7.276875569425521,0.875,True,0.0,1.0,1.0,0.3676042800767645,0.0,1.0,47.35208560153529,1
5.0,70.0,5.5,-3797.4757149511806,313.6382117169125,0.4565324353196766,7.276875569425521,0.875,True,0.0,1.0,1.0,0.4558085514747446,0.0,1.0,49.11617102949489,1
5.0,71.0,5.5,-4850.702005555422,248.36500819285385,0.5374537761804616,7.276875569425521,0.875,True,0.0,1.0,1.0,0.5368376773353463,0.0,1.0,50.73675354670692,1
5.0,72.0,5.5,-3241.379146655559,222.38985328911747,0.5735130238682982,7.276875569425521,0.875,True,0.0,1.0,1.0,0.5729449549490846,0.0,1.0,51.45889909898169,1
5.0,73.0,5.5,-4540.012865261822,248.36500819285385,0.5374537761804616,7.276875569425521,0.875,True,0.0,1.0,1.0,0.5368376773353463,0.0,1.0,50.73675354670692,1
5.0,74.0,5.5,-4412.08316633068,313.6382117169125,0.4565324353196766,7.276875569425521,0.875,True,0.0,1.0,1.0,0.4558085514747446,0.0,1.0,49.11617102949489,1
5.0,75.0,5.5,-3320.59117609644,399.3849973361693,0.3684454933051185,7.276875569425521,0.875,True,0.0,1.0,1.0,0.3676042800767645,0.0,1.0,47.35208560153529,1
5.0,76.0,5.5,-4304.615725172459,495.0791026667532,0.2900512183295013,7.276875569425521,0.875,True,0.0,1.0,1.0,0.2891055860835683,0.0,1.0,45.78211172167137,2
5.0,77.0,5.5,-4593.275973317224,399.3849973361693,0.3684454933051185,7.276875569425521,0.875,True,0.0,1.0,1.0,0.3676042800767645,0.0,1.0,47.35208560153529,1
5.0,78.0,5.5,-4053.028178998153,313.6382117169125,0.4565324353196766,7.276875569425521,0.875,True,0.0,1.0,1.0,0.4558085514747446,0.0,1.0,49.11617102949489,1
5.0,79.0,5.5,-4560.093747579336,248.36500819285385,0.5374537761804616,7.276875569425521,0.875,True,0.0,1.0,1.0,0.5368376773353463,0.0,1.0,50.73675354670692,1
5.0,80.0,5.5,-3622.3839773672953,222.38985328911747,0.5735130238682982,7.276875569425521,0.875,True,0.0,1.0,1.0,0.5729449549490846,0.0,1.0,51.45889909898169,1
5.0,81.0,5.5,-3767.7942300588825,248.36500819285385,0.5374537761804616,7.276875569425521,0.875,True,0.0,1.0,1.0,0.5368376773353463,0.0,1.0,50.73675354670692,1
5.0,82.0,5.5,-4145.366477688031,313.6382117169125,0.4565324353196766,7.276875569425521,0.875,True,0.0,1.0,1.0,0.4558085514747446,0.0,1.0,49.11617102949489,1
5.0,83.0,5.5,-3069.345028676983,399.3849973361693,0.3684454933051185,7.276875569425521,0.875,True,0.0,1.0,1.0,0.3676042800767645,0.0,1.0,47.35208560153529,1
5.0,84.0,5.5,-4918.219229085515,495.0791026667532,0.2900512183295013,7.276875569425521,0.875,True,0.0,1.0,1.0,0.2891055860835683,0.0,1.0,45.78211172167137,2
5.0,85.0,5.5,-3648.08939796521,595.9475372826872,0.2254022166327594,7.276875569425521,0.875,True,0.0,1.0,1.0,0.2243704736951115,0.0,1.0,44.48740947390223,2
5.0,86.0,5.5,-3240.333896841257,699.7559973000956,0.1738799790668152,7.276875569425521,0.875,True,0.0,1.0,1.0,0.1727796099261469,0.0,1.0,43.45559219852294,2
5.0,87.0,5.5,-4455.494793034641,782.7052145836856,0.1413151132434116,7.276875569425521,0.875,True,0.0,1.0,1.0,0.1401713685973517,0.0,1.0,42.80342737194704,2
5.0,88.0,5.5,-3997.676680897378,673.3314991154936,0.1857546154982123,7.276875569425521,0.875,True,0.0,1.0,1.0,0.18467006304659,0.0,1.0,43.6934012609318,2
5.0,89.0,5.5,-3217.5903491342424,564.4667708124808,0.243858551919436,7.276875569425521,0.875,True,0.0,1.0,1.0,0.2428513923126415,0.0,1.0,44.857027846252834,2
5.0,90.0,5.5,-4553.689871844592,456.4757550795249,0.3194388591311363,7.276875569425521,0.595,True,0.0,1.0,1.0,0.3185323704142738,0.0,0.3846153846153845,38.9860320236701,3
5.0,91.0,5.5,-3474.1431912797448,350.1681828342436,0.4166867839307508,7.276875569425521,0.595,True,0.0,1.0,1.0,0.4159098267743541,0.0,0.3846153846153845,40.9335811508717,3
5.0,92.0,5.5,-4422.227277638571,247.72141574520572,0.5383192252176083,7.276875569425521,0.595,True,0.0,1.0,1.0,0.5377042791268012,0.0,0.3846153846153845,43.36947019792064,3
5.0,93.0,5.5,-4851.140242968429,156.89078148558067,0.6755507778031936,7.276875569425521,0.595,True,0.0,1.0,1.0,0.675118620365082,0.0,0.3846153846153845,46.11775702268626,3
5.0,94.0,5.5,-3381.3404190882056,111.19492664455872,0.7573064266651235,7.276875569425521,0.595,True,0.0,1.0,1.0,0.7569831655021334,0.0,0.3846153846153845,47.75504792542729,3
5.0,95.0,5.5,-4579.7627387575285,156.89078148558067,0.6755507778031936,7.276875569425521,0.595,True,0.0,1.0,1.0,0.675118620365082,0.0,0.3846153846153845,46.11775702268626,3
5.0,96.0,5.5,-3534.2301173923515,247.72141574520572,0.5383192252176083,7.276875569425521,0.595,True,0.0,1.0,1.0,0.5377042791268012,0.0,0.3846153846153845,43.36947019792064,3
5.0,97.0,5.5,-4815.269787910643,350.1681828342436,0.4166867839307508,7.276875569425521,0.595,True,0.0,1.0,1.0,0.4159098267743541,0.0,0.3846153846153845,40.9335811508717,3
5.0,98.0,5.5,-4622.165255001476,456.4757550795249,0.3194388591311363,7.276875569425521,0.595,True,0.0,1.0,1.0,0.3185323704142738,0.0,0.3846153846153845,38.9860320236701,3
5.0,99.0,5.5,-4222.609199053234,564.4667708124808,0.243858551919436,7.276875569425521,0.595,True,0.0,1.0,1.0,0.2428513923126415,0.0,0.3846153846153845,37.47241246163745,4
5.0,100.0,5.5,-3214.4281144225465,673.3314991154936,0.1857546154982123,7.276875569425521,0.595,True,0.0,1.0,1.0,0.18467006304659,0.0,0.3846153846153845,36.30878587631642,4
6.0,55.0,5.5,-4087.097749581076,247.3588776028805,0.5388073495185112,7.276875569425521,0.47,True,0.0,1.0,1.0,0.5381930535958441,0.0,0.1098901098901098,40.0825423905982,3
6.0,56.0,5.5,-3439.6304168159268,156.7477249748259,0.6757924258550524,7.276875569425521,0.47,True,0.0,1.0,1.0,0.6753605902854979,0.0,0.1098901098901098,42.825893124391285,3
6.0,57.0,5.5,-4757.319032007246,111.19492664455872,0.7573064266651235,7.276875569425521,0.47,True,0.0,1.0,1.0,0.7569831655021334,0.0,0.1098901098901098,44.45834462872399,3
6.0,58.0,5.5,-4263.916782478234,156.7477249748259,0.6757924258550524,7.276875569425521,0.47,True,0.0,1.0,1.0,0.6753605902854979,0.0,0.1098901098901098,42.825893124391285,3
6.0,59.0,5.5,-3920.532991853221,247.3588776028805,0.5388073495185112,7.276875569425521,0.47,True,0.0,1.0,1.0,0.5381930535958441,0.0,0.1098901098901098,40.0825423905982,3
6.0,60.0,5.5,-3123.3488314968326,349.5909949842125,0.417288484316421,7.276875569425521,0.595,True,0.0,1.0,1.0,0.4165123286083848,0.0,0.3846153846153845,40.94563118755232,3
6.0,61.0,5.5,-4417.209396562367,455.6884451325553,0.3200682217854053,7.276875569425521,0.595,True,0.0,1.0,1.0,0.3191625713622841,0.0,0.3846153846153845,38.9986360426303,3
6.0,62.0,5.5,-3435.7556592274304,563.4717080375702,0.2444659435155577,7.276875569425521,0.595,True,0.0,1.0,1.0,0.2434595929376595,0.0,0.3846153846153845,37.48457647413781,4
6.0,63.0,5.5,-3429.8321946787046,672.1299380330928,0.1863134432021739,7.276875569425521,0.595,True,0.0,1.0,1.0,0.1852296350936795,0.0,0.3846153846153845,36.31997731725821,4
6.0,64.0,5.5,-3032.861054216426,781.2978278214124,0.141813201532367,7.276875569425521,0.595,True,0.0,1.0,1.0,0.1406701203262052,0.0,0.3846153846153845,35.428787021908725,4
6.0,65.0,5.5,-4638.117038236176,781.2978278214124,0.141813201532367,7.276875569425521,0.595,True,0.0,1.0,1.0,0.1406701203262052,0.0,0.3846153846153845,35.428787021908725,4
6.0,66.0,5.5,-4294.410149623942,672.1299380330928,0.1863134432021739,7.276875569425521,0.875,True,0.0,1.0,1.0,0.1852296350936795,0.0,1.0,43.7045927018736,2
6.0,67.0,5.5,-3300.090761589048,563.4717080375702,0.2444659435155577,7.276875569425521,0.875,True,0.0,1.0,1.0,0.2434595929376595,0.0,1.0,44.86919185875319,2
6.0,68.0,5.5,-4212.098757979613,455.6884451325553,0.3200682217854053,7.276875569425521,0.875,True,0.0,1.0,1.0,0.3191625713622841,0.0,1.0,46.38325142724569,1
6.0,69.0,5.5,-4768.7362244424,349.5909949842125,0.417288484316421,7.276875569425521,0.875,True,0.0,1.0,1.0,0.4165123286083848,0.0,1.0,48.3302465721677,1
6.0,70.0,5.5,-4596.869747634079,247.3588776028805,0.5388073495185112,7.276875569425521,0.875,True,0.0,1.0,1.0,0.5381930535958441,0.0,1.0,50.763861071916885,1
6.0,71.0,5.5,-3367.1056137643104,156.7477249748259,0.6757924258550524,7.276875569425521,0.875,True,0.0,1.0,1.0,0.6753605902854979,0.0,1.0,53.50721180570997,1
6.0,72.0,5.5,-3568.0892534959853,111.19492664455872,0.7573064266651235,7.276875569425521,0.875,True,0.0,1.0,1.0,0.7569831655021334,0.0,1.0,55.13966331004268,1
6.0,73.0,5.5,-4679.18585298669,156.7477249748259,0.6757924258550524,7.276875569425521,0.875,True,0.0,1.0,1.0,0.6753605902854979,0.0,1.0,53.50721180570997,1
6.0,74.0,5.5,-3929.972284002711,247.3588776028805,0.5388073495185112,7.276875569425521,0.875,True,0.0,1.0,1.0,0.5381930535958441,0.0,1.0,50.763861071916885,1
6.0,75.0,5.5,-3098.127909788368,349.5909949842125,0.417288484316421,7.276875569425521,0.875,True,0.0,1.0,1.0,0.4165123286083848,0.0,1.0,48.3302465721677,1
6.0,76.0,5.5,-4015.333758114152,455.6884451325553,0.3200682217854053,7.276875569425521,0.875,True,0.0,1.0,1.0,0.3191625713622841,0.0,1.0,46.38325142724569,1
6.0,77.0,5.5,-3217.378413650485,349.5909949842125,0.417288484316421,7.276875569425521,0.875,True,0.0,1.0,1.0,0.4165123286083848,0.0,1.0,48.3302465721677,1
6.0,78.0,5.5,-3707.252141507749,247.3588776028805,0.5388073495185112,7.276875569425521,0.875,True,0.0,1.0,1.0,0.5381930535958441,0.0,1.0,50.763861071916885,1
6.0,79.0,5.5,-3068.6428839409,156.7477249748259,0.6757924258550524,7.276875569425521,0.875,True,0.0,1.0,1.0,0.6753605902854979,0.0,1.0,53.50721180570997,1
6.0,80.0,5.5,-3777.393960387293,111.19492664455872,0.7573064266651235,7.276875569425521,0.875,True,0.0,1.0,1.0,0.7569831655021334,0.0,1.0,55.13966331004268,1
6.0,81.0,5.5,-3371.1283032431043,156.7477249748259,0.6757924258550524,7.276875569425521,0.875,True,0.0,1.0,1.0,0.6753605902854979,0.0,1.0,53.50721180570997,1
6.0,82.0,5.5,-3777.2308286450057,247.3588776028805,0.5388073495185112,7.276875569425521,0.875,True,0.0,1.0,1.0,0.5381930535958441,0.0,1.0,50.763861071916885,1
6.0,83.0,5.5,-4846.144877813807,349.5909949842125,0.417288484316421,7.276875569425521,0.875,True,0.0,1.0,1.0,0.4165123286083848,0.0,1.0,48.3302465721677,1
6.0,84.0,5.5,-3141.306335819644,455.6884451325553,0.3200682217854053,7.276875569425521,0.875,True,0.0,1.0,1.0,0.3191625713622841,0.0,1.0,46.38325142724569,1
6.0,85.0,5.5,-3664.449391265872,563.4717080375702,0.2444659435155577,7.276875569425521,0.875,True,0.0,1.0,1.0,0.2434595929376595,0.0,1.0,44.86919185875319,2
6.0,86.0,5.5,-4304.4005174390895,672.1299380330928,0.1863134432021739,7.276875569425521,0.875,True,0.0,1.0,1.0,0.1852296350936795,0.0,1.0,43.7045927018736,2
6.0,87.0,5.5,-4460.896452192286,774.0952564004368,0.1443898795784894,7.276875569425521,0.875,True,0.0,1.0,1.0,0.1432502304365986,0.0,1.0,42.86500460873198,2
6.0,88.0,5.5,-4240.337435262431,663.5114190445548,0.1903713677092407,7.276875569425521,0.875,True,0.0,1.0,1.0,0.189292964644553,0.0,1.0,43.78585929289106,2
6.0,89.0,5.5,-3955.8458395510233,552.9270275670635,0.2509961775332127,7.276875569425521,0.875,True,0.0,1.0,1.0,0.249998525047374,0.0,1.0,44.99997050094749,2
6.0,90.0,5.5,-4673.6825552095,442.3421748311554,0.3309276733236861,7.276875569425521,0.595,True,0.0,1.0,1.0,0.3300364873912618,0.0,0.3846153846153845,39.216114363209854,3
6.0,91.0,5.5,-4749.81896451456,331.75695342163897,0.436314317549641,7.276875569425521,0.595,True,0.0,1.0,1.0,0.4355635037280557,0.0,0.3846153846153845,41.32665468994573,3
6.0,92.0,5.5,-4559.385947575553,221.17145570104148,0.575262604333872,7.276875569425521,0.595,True,0.0,1.0,1.0,0.5746968658077062,0.0,0.3846153846153845,44.10932193153874,3
6.0,93.0,5.5,-4558.368364240194,110.58577386542665,0.7584605935581717,7.276875569425521,0.595,True,0.0,1.0,1.0,0.7581388697137312,0.0,0.3846153846153845,47.77816200965925,3
6.0,94.0,5.5,-4676.918764554836,0.0,1.0,7.276875569425521,0.595,True,0.0,1.0,1.0,1.0,0.0,0.3846153846153845,52.61538461538462,3
6.0,95.0,5.5,-3738.602981815068,110.58577386542665,0.7584605935581717,7.276875569425521,0.595,True,0.0,1.0,1.0,0.7581388697137312,0.0,0.3846153846153845,47.77816200965925,3
6.0,96.0,5.5,-4987.036164807128,221.17145570104148,0.575262604333872,7.276875569425521,0.595,True,0.0,1.0,1.0,0.5746968658077062,0.0,0.3846153846153845,44.10932193153874,3
6.0,97.0,5.5,-3438.0467376874326,331.75695342163897,0.436314317549641,7.276875569425521,0.595,True,0.0,1.0,1.0,0.4355635037280557,0.0,0.3846153846153845,41.32665468994573,3
6.0,98.0,5.5,-3541.87097180355,442.3421748311554,0.3309276733236861,7.276875569425521,0.595,True,0.0,1.0,1.0,0.3300364873912618,0.0,0.3846153846153845,39.216114363209854,3
6.0,99.0,5.5,-4923.035925190509,552.9270275670635,0.2509961775332127,7.276875569425521,0.595,True,0.0,1.0,1.0,0.249998525047374,0.0,0.3846153846153845,37.6153551163321,4
6.0,100.0,5.5,-3811.5045326770055,663.5114190445548,0.1903713677092407,7.276875569425521,0.595,True,0.0,1.0,1.0,0.189292964644553,0.0,0.3846153846153845,36.40124390827568,4
7.0,55.0,5.5,-4109.546869094199,220.73202658609523,0.5758949194350709,7.276875569425521,0.47,True,0.0,1.0,1.0,0.5753300231352244,0.0,0.1098901098901098,40.82528178138581,3
7.0,56.0,5.5,-3038.629357834946,110.3660757174536,0.7588772889509922,7.276875569425521,0.47,True,0.0,1.0,1.0,0.7585561201333513,0.0,0.1098901098901098,44.489803721348345,3
7.0,57.0,5.5,-4583.222487509653,0.0,1.0,7.276875569425521,0.47,True,0.0,1.0,1.0,1.0,0.0,0.1098901098901098,49.31868131868132,3
7.0,58.0,5.5,-4091.368273246168,110.3660757174536,0.7588772889509922,7.276875569425521,0.47,True,0.0,1.0,1.0,0.7585561201333513,0.0,0.1098901098901098,44.489803721348345,3
7.0,59.0,5.5,-4188.712583819901,220.73202658609523,0.5758949194350709,7.276875569425521,0.47,True,0.0,1.0,1.0,0.5753300231352244,0.0,0.1098901098901098,40.82528178138581,3
7.0,60.0,5.5,-4870.02168165532,331.0977276823014,0.4370339844868859,7.276875569425521,0.595,True,0.0,1.0,1.0,0.4362841292418625,0.0,0.3846153846153845,41.34106720022187,3
7.0,61.0,5.5,-4119.644090515689,441.4630539327303,0.3316557867389651,7.276875569425521,0.595,True,0.0,1.0,1.0,0.3307655706335789,0.0,0.3846153846153845,39.230696028056194,3
7.0,62.0,5.5,-4856.588855799866,551.8278800392259,0.2516868305806998,7.276875569425521,0.595,True,0.0,1.0,1.0,0.2506900980257199,0.0,0.3846153846153845,37.62918657589901,4
7.0,63.0,5.5,-4990.775268489384,662.1920804034377,0.1910003151363003,7.276875569425521,0.595,True,0.0,1.0,1.0,0.1899227498122826,0.0,0.3846153846153845,36.41383961163027,4
7.0,64.0,5.5,-3676.614395069134,772.5555290510573,0.1449467532994025,7.276875569425521,0.595,True,0.0,1.0,1.0,0.1438078458979879,0.0,0.3846153846153845,35.49154153334438,4
7.0,65.0,5.5,-3867.992224837083,772.5555290510573,0.1449467532994025,7.276875569425521,0.595,True,0.0,1.0,1.0,0.1438078458979879,0.0,0.3846153846153845,35.49154153334438,4
7.0,66.0,5.5,-3722.304219087541,662.1920804034377,0.1910003151363003,7.276875569425521,0.875,True,0.0,1.0,1.0,0.1899227498122826,0.0,1.0,43.79845499624565,2
7.0,67.0,5.5,-3647.061536089268,551.8278800392259,0.2516868305806998,7.276875569425521,0.875,True,0.0,1.0,1.0,0.2506900980257199,0.0,1.0,45.0138019605144,2
7.0,68.0,5.5,-4899.474052538471,441.4630539327303,0.3316557867389651,7.276875569425521,0.875,True,0.0,1.0,1.0,0.3307655706335789,0.0,1.0,46.61531141267158,1
7.0,69.0,5.5,-4911.675844404721,331.0977276823014,0.4370339844868859,7.276875569425521,0.875,True,0.0,1.0,1.0,0.4362841292418625,0.0,1.0,48.72568258483725,1
7.0,70.0,5.5,-3824.705257400066,220.73202658609523,0.5758949194350709,7.276875569425521,0.875,True,0.0,1.0,1.0,0.5753300231352244,0.0,1.0,51.50660046270449,1
7.0,71.0,5.5,-3657.376574762349,110.3660757174536,0.7588772889509922,7.276875569425521,0.875,True,0.0,1.0,1.0,0.7585561201333513,0.0,1.0,55.17112240266703,1
7.0,72.0,5.5,-4998.251051701419,0.0,1.0,7.276875569425521,0.875,True,0.0,1.0,1.0,1.0,0.0,1.0,60.00000000000001,1
7.0,73.0,5.5,-3820.819760197539,110.3660757174536,0.7588772889509922,7.276875569425521,0.875,True,0.0,1.0,1.0,0.7585561201333513,0.0,1.0,55.17112240266703,1
7.0,74.0,5.5,-4110.2486584080525,220.73202658609523,0.5758949194350709,7.276875569425521,0.875,True,0.0,1.0,1.0,0.5753300231352244,0.0,1.0,51.50660046270449,1
7.0,75.0,5.5,-3951.635024816928,331.0977276823014,0.4370339844868859,7.276875569425521,0.875,True,0.0,1.0,1.0,0.4362841292418625,0.0,1.0,48.72568258483725,1
7.0,76.0,5.5,-4090.827573981198,441.4630539327303,0.3316557867389651,7.276875569425521,0.875,True,0.0,1.0,1.0,0.3307655706335789,0.0,1.0,46.61531141267158,1
7.0,77.0,5.5,-3410.0665532338994,331.0977276823014,0.4370339844868859,7.276875569425521,0.875,True,0.0,1.0,1.0,0.4362841292418625,0.0,1.0,48.72568258483725,1
7.0,78.0,5.5,-4825.280562550636,220.73202658609523,0.5758949194350709,7.276875569425521,0.875,True,0.0,1.0,1.0,0.5753300231352244,0.0,1.0,51.50660046270449,1
7.0,79.0,5.5,-4035.841266132255,110.3660757174536,0.7588772889509922,7.276875569425521,0.875,True,0.0,1.0,1.0,0.7585561201333513,0.0,1.0,55.17112240266703,1
7.0,80.0,5.5,-3291.338636835713,0.0,1.0,7.276875569425521,0.875,True,0.0,1.0,1.0,1.0,0.0,1.0,60.00000000000001,1
7.0,81.0,5.5,-3062.4747217485237,110.3660757174536,0.7588772889509922,7.276875569425521,0.875,True,0.0,1.0,1.0,0.7585561201333513,0.0,1.0,55.17112240266703,1
7.0,82.0,5.5,-3444.0690393594627,220.73202658609523,0.5758949194350709,7.276875569425521,0.875,True,0.0,1.0,1.0,0.5753300231352244,0.0,1.0,51.50660046270449,1
7.0,83.0,5.5,-3136.8702307793305,331.0977276823014,0.4370339844868859,7.276875569425521,0.875,True,0.0,1.0,1.0,0.4362841292418625,0.0,1.0,48.72568258483725,1
7.0,84.0,5.5,-4265.810325568672,441.4630539327303,0.3316557867389651,7.276875569425521,0.875,True,0.0,1.0,1.0,0.3307655706335789,0.0,1.0,46.61531141267158,1
7.0,85.0,5.5,-3897.662916589449,551.8278800392259,0.2516868305806998,7.276875569425521,0.875,True,0.0,1.0,1.0,0.2506900980257199,0.0,1.0,45.0138019605144,2
7.0,86.0,5.5,-3816.51457935911,662.1920804034377,0.1910003151363003,7.276875569425521,0.875,True,0.0,1.0,1.0,0.1899227498122826,0.0,1.0,43.79845499624565,2
7.0,87.0,5.5,-4885.947894549354,772.5555290510573,0.1449467532994025,7.276875569425521,0.875,True,0.0,1.0,1.0,0.1438078458979879,0.0,1.0,42.87615691795976,2
7.0,88.0,5.5,-3832.62311895093,672.1299380330928,0.1863134432021739,7.276875569425521,0.875,True,0.0,1.0,1.0,0.1852296350936795,0.0,1.0,43.7045927018736,2
7.0,89.0,5.5,-3426.163149760481,563.4717080375702,0.2444659435155577,7.276875569425521,0.875,True,0.0,1.0,1.0,0.2434595929376595,0.0,1.0,44.86919185875319,2
7.0,90.0,5.5,-3685.6309751647377,455.6884451325553,0.3200682217854053,7.276875569425521,0.595,True,0.0,1.0,1.0,0.3191625713622841,0.0,0.3846153846153845,38.9986360426303,3
7.0,91.0,5.5,-3557.0423479228184,349.5909949842125,0.417288484316421,7.276875569425521,0.595,True,0.0,1.0,1.0,0.4165123286083848,0.0,0.3846153846153845,40.94563118755232,3
7.0,92.0,5.5,-3854.220288905128,247.3588776028805,0.5388073495185112,7.276875569425521,0.595,True,0.0,1.0,1.0,0.5381930535958441,0.0,0.3846153846153845,43.3792456873015,3
7.0,93.0,5.5,-4519.37037090243,156.7477249748259,0.6757924258550524,7.276875569425521,0.595,True,0.0,1.0,1.0,0.6753605902854979,0.0,0.3846153846153845,46.12259642109458,3
7.0,94.0,5.5,-4186.081153632903,111.19492664455872,0.7573064266651235,7.276875569425521,0.595,True,0.0,1.0,1.0,0.7569831655021334,0.0,0.3846153846153845,47.75504792542729,3
7.0,95.0,5.5,-4428.681320137513,156.7477249748259,0.6757924258550524,7.276875569425521,0.595,True,0.0,1.0,1.0,0.6753605902854979,0.0,0.3846153846153845,46.12259642109458,3
7.0,96.0,5.5,-3739.7308405814,247.3588776028805,0.5388073495185112,7.276875569425521,0.595,True,0.0,1.0,1.0,0.5381930535958441,0.0,0.3846153846153845,43.3792456873015,3
7.0,97.0,5.5,-4039.1434026825023,349.5909949842125,0.417288484316421,7.276875569425521,0.595,True,0.0,1.0,1.0,0.4165123286083848,0.0,0.3846153846153845,40.94563118755232,3
7.0,98.0,5.5,-4582.839800148823,455.6884451325553,0.3200682217854053,7.276875569425521,0.595,True,0.0,1.0,1.0,0.3191625713622841,0.0,0.3846153846153845,38.9986360426303,3
7.0,99.0,5.5,-3597.8275168062078,563.4717080375702,0.2444659435155577,7.276875569425521,0.595,True,0.0,1.0,1.0,0.2434595929376595,0.0,0.3846153846153845,37.48457647413781,4
7.0,100.0,5.5,-4384.605372376386,672.1299380330928,0.1863134432021739,7.276875569425521,0.595,True,0.0,1.0,1.0,0.1852296350936795,0.0,0.3846153846153845,36.31997731725821,4
8.0,55.0,5.5,-4110.909767385775,246.93636581156187,0.5393767813511984,7.276875569425521,0.47,True,0.0,1.0,1.0,0.538763243896067,0.0,0.1098901098901098,40.093946196602666,3
8.0,56.0,5.5,-3892.7556584136646,156.58110278754708,0.6760739895247802,7.276875569425521,0.47,True,0.0,1.0,1.0,0.6756425289902878,0.0,0.1098901098901098,42.83153189848708,3
8.0,57.0,5.5,-4140.84052479794,111.19492664455872,0.7573064266651235,7.276875569425521,0.47,True,0.0,1.0,1.0,0.7569831655021334,0.0,0.1098901098901098,44.45834462872399,3
8.0,58.0,5.5,-3277.1862258809933,156.58110278754708,0.6760739895247802,7.276875569425521,0.47,True,0.0,1.0,1.0,0.6756425289902878,0.0,0.1098901098901098,42.83153189848708,3
8.0,59.0,5.5,-3316.215870118127,246.93636581156187,0.5393767813511984,7.276875569425521,0.47,True,0.0,1.0,1.0,0.538763243896067,0.0,0.1098901098901098,40.093946196602666,3
8.0,60.0,5.5,-3138.2442338008395,348.918190078118,0.4179909592853218,7.276875569425521,0.595,True,0.0,1.0,1.0,0.4172157392546185,0.0,0.3846153846153845,40.95969940047699,3
8.0,61.0,5.5,-4939.732627411609,454.770634232157,0.3208034702437002,7.276875569425521,0.595,True,0.0,1.0,1.0,0.3198987991512981,0.0,0.3846153846153845,39.01336059841058,3
8.0,62.0,5.5,-4328.50520072615,562.3116621645834,0.2451759518428609,7.276875569425521,0.595,True,0.0,1.0,1.0,0.2441705469765218,0.0,0.3846153846153845,37.498795554915056,4
8.0,63.0,5.5,-4338.484187603837,670.7291261451204,0.1869670622461392,7.276875569425521,0.595,True,0.0,1.0,1.0,0.1858841247402298,0.0,0.3846153846153845,36.33306711018921,4
8.0,64.0,5.5,-4045.225258137928,779.6570388615633,0.1423961100910212,7.276875569425521,0.595,True,0.0,1.0,1.0,0.1412538053030232,0.0,0.3846153846153845,35.440460721445085,4
8.0,65.0,5.5,-4943.214092678019,779.6570388615633,0.1423961100910212,7.276875569425521,0.595,True,0.0,1.0,1.0,0.1412538053030232,0.0,0.3846153846153845,35.440460721445085,4
8.0,66.0,5.5,-3963.339670353196,670.7291261451204,0.1869670622461392,7.276875569425521,0.875,True,0.0,1.0,1.0,0.1858841247402298,0.0,1.0,43.7176824948046,2
8.0,67.0,5.5,-3828.0441451400407,562.3116621645834,0.2451759518428609,7.276875569425521,0.875,True,0.0,1.0,1.0,0.2441705469765218,0.0,1.0,44.88341093953044,2
8.0,68.0,5.5,-3675.279350280966,454.770634232157,0.3208034702437002,7.276875569425521,0.875,True,0.0,1.0,1.0,0.3198987991512981,0.0,1.0,46.397975983025965,1
8.0,69.0,5.5,-3490.399264487297,348.918190078118,0.4179909592853218,7.276875569425521,0.875,True,0.0,1.0,1.0,0.4172157392546185,0.0,1.0,48.34431478509237,1
8.0,70.0,5.5,-3969.875155575725,246.93636581156187,0.5393767813511984,7.276875569425521,0.875,True,0.0,1.0,1.0,0.538763243896067,0.0,1.0,50.775264877921344,1
8.0,71.0,5.5,-4736.8433489197605,156.58110278754708,0.6760739895247802,7.276875569425521,0.875,True,0.0,1.0,1.0,0.6756425289902878,0.0,1.0,53.51285057980576,1
8.0,72.0,5.5,-3460.2238894696184,111.19492664455872,0.7573064266651235,7.276875569425521,0.875,True,0.0,1.0,1.0,0.7569831655021334,0.0,1.0,55.13966331004268,1
8.0,73.0,5.5,-4816.277173978605,156.58110278754708,0.6760739895247802,7.276875569425521,0.875,True,0.0,1.0,1.0,0.6756425289902878,0.0,1.0,53.51285057980576,1
8.0,74.0,5.5,-3901.412767797369,246.93636581156187,0.5393767813511984,7.276875569425521,0.875,True,0.0,1.0,1.0,0.538763243896067,0.0,1.0,50.775264877921344,1
8.0,75.0,5.5,-4897.013783126267,348.918190078118,0.4179909592853218,7.276875569425521,0.875,True,0.0,1.0,1.0,0.4172157392546185,0.0,1.0,48.34431478509237,1
8.0,76.0,5.5,-4366.920602165224,454.770634232157,0.3208034702437002,7.276875569425521,0.875,True,0.0,1.0,1.0,0.3198987991512981,0.0,1.0,46.397975983025965,1
8.0,77.0,5.5,-3765.658163966962,348.918190078118,0.4179909592853218,7.276875569425521,0.875,True,0.0,1.0,1.0,0.4172157392546185,0.0,1.0,48.34431478509237,1
8.0,78.0,5.5,-15.0,246.93636581156187,0.5393767813511984,7.276875569425521,0.875,True,0.0,0.5,0.5,0.538763243896067,0.0,1.0,36.775264877921344,1
8.0,79.0,5.5,-15.0,156.58110278754708,0.6760739895247802,7.276875569425521,0.875,True,0.0,0.5,0.5,0.6756425289902878,0.0,1.0,39.51285057980576,1
8.0,80.0,5.5,-15.0,111.19492664455872,0.7573064266651235,7.276875569425521,0.875,True,0.0,0.5,0.5,0.7569831655021334,0.0,1.0,41.13966331004267,1
8.0,81.0,5.5,-15.0,156.58110278754708,0.6760739895247802,7.276875569425521,0.875,True,0.0,0.5,0.5,0.6756425289902878,0.0,1.0,39.51285057980576,1
8.0,82.0,5.5,-3733.49040253098,246.93636581156187,0.5393767813511984,7.276875569425521,0.875,True,0.0,1.0,1.0,0.538763243896067,0.0,1.0,50.775264877921344,1
8.0,83.0,5.5,-4448.860265259422,348.918190078118,0.4179909592853218,7.276875569425521,0.875,True,0.0,1.0,1.0,0.4172157392546185,0.0,1.0,48.34431478509237,1
8.0,84.0,5.5,-4181.576751069564,454.770634232157,0.3208034702437002,7.276875569425521,0.875,True,0.0,1.0,1.0,0.3198987991512981,0.0,1.0,46.397975983025965,1
8.0,85.0,5.5,-4845.80970973759,562.3116621645834,0.2451759518428609,7.276875569425521,0.875,True,0.0,1.0,1.0,0.2441705469765218,0.0,1.0,44.88341093953044,2
8.0,86.0,5.5,-4230.883008665191,670.7291261451204,0.1869670622461392,7.276875569425521,0.875,True,0.0,1.0,1.0,0.1858841247402298,0.0,1.0,43.7176824948046,2
8.0,87.0,5.5,-4828.792180945501,779.6570388615633,0.1423961100910212,7.276875569425521,0.875,True,0.0,1.0,1.0,0.1412538053030232,0.0,1.0,42.82507610606047,2
8.0,88.0,5.5,-3007.0163714968,698.5048666514238,0.174424696941758,7.276875569425521,0.875,True,0.0,1.0,1.0,0.1733250533503136,0.0,1.0,43.46650106700628,2
8.0,89.0,5.5,-4741.345186241572,594.9276695313514,0.2259776510343216,7.276875569425521,0.875,True,0.0,1.0,1.0,0.224946674559466,0.0,1.0,44.49893349118933,2
8.0,90.0,5.5,-4335.477226485233,494.29362575013374,0.2906213492687483,7.276875569425521,0.595,True,0.0,1.0,1.0,0.2896764764215416,0.0,0.3846153846153845,38.40891414381545,3
8.0,91.0,5.5,-4829.950458634235,398.83745621853006,0.3689501862945004,7.276875569425521,0.595,True,0.0,1.0,1.0,0.3681096453033238,0.0,0.3846153846153845,39.977577521451096,3
8.0,92.0,5.5,-4571.171204467408,313.3284269794253,0.4568861392186591,7.276875569425521,0.595,True,0.0,1.0,1.0,0.4561627264975899,0.0,0.3846153846153845,41.738639145336414,3
8.0,93.0,5.5,-3974.078207235152,248.26724456355257,0.5375851508137365,7.276875569425521,0.595,True,0.0,1.0,1.0,0.5369692269560183,0.0,0.3846153846153845,43.354769154504986,3
8.0,94.0,5.5,-4538.511067574844,222.38985328911747,0.5735130238682982,7.276875569425521,0.595,True,0.0,1.0,1.0,0.5729449549490846,0.0,0.3846153846153845,44.07428371436631,3
8.0,95.0,5.5,-3007.224763902537,248.26724456355257,0.5375851508137365,7.276875569425521,0.595,True,0.0,1.0,1.0,0.5369692269560183,0.0,0.3846153846153845,43.354769154504986,3
8.0,96.0,5.5,-3858.5725284066966,313.3284269794253,0.4568861392186591,7.276875569425521,0.595,True,0.0,1.0,1.0,0.4561627264975899,0.0,0.3846153846153845,41.738639145336414,3
8.0,97.0,5.5,-3673.8706966010654,398.83745621853006,0.3689501862945004,7.276875569425521,0.595,True,0.0,1.0,1.0,0.3681096453033238,0.0,0.3846153846153845,39.977577521451096,3
8.0,98.0,5.5,-4688.275467494595,494.29362575013374,0.2906213492687483,7.276875569425521,0.595,True,0.0,1.0,1.0,0.2896764764215416,0.0,0.3846153846153845,38.40891414381545,3
8.0,99.0,5.5,-3217.8540941165325,594.9276695313514,0.2259776510343216,7.276875569425521,0.595,True,0.0,1.0,1.0,0.224946674559466,0.0,0.3846153846153845,37.11431810657394,4
8.0,100.0,5.5,-4296.37280889352,698.5048666514238,0.174424696941758,7.276875569425521,0.595,True,0.0,1.0,1.0,0.1733250533503136,0.0,0.3846153846153845,36.08188568239089,4
9.0,55.0,5.5,-3623.050796821755,312.9716228859798,0.4572938681525941,7.276875569425521,0.47,True,0.0,1.0,1.0,0.4565709985152479,0.0,0.1098901098901098,38.45010128898628,3
9.0,56.0,5.5,-4384.844851776481,248.154714294673,0.537736408593004,7.276875569425521,0.47,True,0.0,1.0,1.0,0.5371206862064867,0.0,0.1098901098901098,40.061095042811054,3
9.0,57.0,5.5,-3966.462103323978,222.38985328911747,0.5735130238682982,7.276875569425521,0.47,True,0.0,1.0,1.0,0.5729449549490846,0.0,0.1098901098901098,40.77758041766301,3
9.0,58.0,5.5,-4257.321183353567,248.154714294673,0.537736408593004,7.276875569425521,0.47,True,0.0,1.0,1.0,0.5371206862064867,0.0,0.1098901098901098,40.061095042811054,3
9.0,59.0,5.5,-4049.929354690236,312.9716228859798,0.4572938681525941,7.276875569425521,0.47,True,0.0,1.0,1.0,0.4565709985152479,0.0,0.1098901098901098,38.45010128898628,3
9.0,60.0,5.5,-4894.960216446099,398.2065486491335,0.3695325791319824,7.276875569425521,0.595,True,0.0,1.0,1.0,0.3686928138720432,0.0,0.3846153846153845,39.989240892825485,3
9.0,61.0,5.5,-3110.3107691001715,493.3883457163446,0.2912798283848937,7.276875569425521,0.595,True,0.0,1.0,1.0,0.2903358326137544,0.0,0.3846153846153845,38.422101267659706,3
9.0,62.0,5.5,-4249.34057449444,593.7520924470248,0.2266427632893075,7.276875569425521,0.595,True,0.0,1.0,1.0,0.2256126727256776,0.0,0.3846153846153845,37.127638069898175,4
9.0,63.0,5.5,-4858.056913447967,697.0626023027769,0.1750547484399846,7.276875569425521,0.595,True,0.0,1.0,1.0,0.1739559440598025,0.0,0.3846153846153845,36.09450349658067,4
9.0,64.0,5.5,-3918.423918544426,802.1816757445047,0.1345991483091139,7.276875569425521,0.595,True,0.0,1.0,1.0,0.1334464581825231,0.0,0.3846153846153845,35.28431377903508,4
9.0,65.0,5.5,-3039.579117016202,802.1816757445047,0.1345991483091139,7.276875569425521,0.595,True,0.0,1.0,1.0,0.1334464581825231,0.0,0.3846153846153845,35.28431377903508,4
9.0,66.0,5.5,-4757.407774501416,697.0626023027769,0.1750547484399846,7.276875569425521,0.875,True,0.0,1.0,1.0,0.1739559440598025,0.0,1.0,43.47911888119606,2
9.0,67.0,5.5,-3941.157811905624,593.7520924470248,0.2266427632893075,7.276875569425521,0.875,True,0.0,1.0,1.0,0.2256126727256776,0.0,1.0,44.51225345451356,2
9.0,68.0,5.5,-4960.066901751955,493.3883457163446,0.2912798283848937,7.276875569425521,0.875,True,0.0,1.0,1.0,0.2903358326137544,0.0,1.0,45.80671665227509,2
9.0,69.0,5.5,-4113.343436140065,398.2065486491335,0.3695325791319824,7.276875569425521,0.875,True,0.0,1.0,1.0,0.3686928138720432,0.0,1.0,47.37385627744087,1
9.0,70.0,5.5,-3341.227941933502,312.9716228859798,0.4572938681525941,7.276875569425521,0.875,True,0.0,1.0,1.0,0.4565709985152479,0.0,1.0,49.13141997030496,1
9.0,85.0,5.5,-4632.448845003447,559.4982669729377,0.246906472617389,7.276875569425521,0.875,True,0.0,1.0,1.0,0.2459033727571135,0.0,1.0,44.91806745514227,2
9.0,86.0,5.5,-3989.378325417858,667.3316792427614,0.1885618520920576,7.276875569425521,0.875,True,0.0,1.0,1.0,0.187481038802349,0.0,1.0,43.74962077604698,2
9.0,87.0,5.5,-4087.605135304833,775.6774751662246,0.1438198667353319,7.276875569425521,0.875,True,0.0,1.0,1.0,0.1426794583520155,0.0,1.0,42.85358916704031,2
9.0,88.0,5.5,-4709.286456882554,740.7418961393284,0.1569458024826625,7.276875569425521,0.875,True,0.0,1.0,1.0,0.1558228774846566,0.0,1.0,43.11645754969314,2
9.0,89.0,5.5,-3278.137832776584,644.2390659777833,0.1997681839485354,7.276875569425521,0.875,True,0.0,1.0,1.0,0.1987022971845646,0.0,1.0,43.974045943691294,2
9.0,90.0,5.5,-4965.925658344205,552.891737636868,0.251018322604032,7.276875569425521,0.595,True,0.0,1.0,1.0,0.2500206996148185,0.0,0.3846153846153845,37.615798607680986,4
9.0,91.0,5.5,-4325.065173451987,469.71802833722177,0.3090367519390067,7.276875569425521,0.595,True,0.0,1.0,1.0,0.3081164079015345,0.0,0.3846153846153845,38.77771277341531,3
9.0,92.0,5.5,-3884.678407783599,399.8520672286825,0.3680155198961279,7.276875569425521,0.595,True,0.0,1.0,1.0,0.3671737339550221,0.0,0.3846153846153845,39.95885929448506,3
9.0,93.0,5.5,-3927.857808383332,351.3254029941358,0.4154830301636881,7.276875569425521,0.595,True,0.0,1.0,1.0,0.4147044696403899,0.0,0.3846153846153845,40.90947400819242,3
9.0,94.0,5.5,-3908.777286001607,333.5847799336762,0.4343250987516106,7.276875569425521,0.595,True,0.0,1.0,1.0,0.4335716353453113,0.0,0.3846153846153845,41.28681732229085,3
9.0,95.0,5.5,-3146.404770598119,351.3254029941358,0.4154830301636881,7.276875569425521,0.595,True,0.0,1.0,1.0,0.4147044696403899,0.0,0.3846153846153845,40.90947400819242,3
9.0,96.0,5.5,-3270.62186579961,399.8520672286825,0.3680155198961279,7.276875569425521,0.595,True,0.0,1.0,1.0,0.3671737339550221,0.0,0.3846153846153845,39.95885929448506,3
9.0,97.0,5.5,-4148.728067338476,469.71802833722177,0.3090367519390067,7.276875569425521,0.595,True,0.0,1.0,1.0,0.3081164079015345,0.0,0.3846153846153845,38.77771277341531,3
9.0,98.0,5.5,-3420.8465726430504,552.891737636868,0.251018322604032,7.276875569425521,0.595,True,0.0,1.0,1.0,0.2500206996148185,0.0,0.3846153846153845,37.615798607680986,4
9.0,99.0,5.5,-3731.99139158342,644.2390659777833,0.1997681839485354,7.276875569425521,0.595,True,0.0,1.0,1.0,0.1987022971845646,0.0,0.3846153846153845,36.58943055907592,4
9.0,100.0,5.5,-4178.490173397918,740.7418961393284,0.1569458024826625,7.276875569425521,0.595,True,0.0,1.0,1.0,0.1558228774846566,0.0,0.3846153846153845,35.73184216507775,4
10.0,55.0,5.5,-3956.746272355543,311.6220253009824,0.4588393807116931,7.276875569425521,0.47,True,0.0,1.0,1.0,0.4581185696545574,0.0,0.1098901098901098,38.48105271177247,3
10.0,56.0,5.5,-3951.4838233669134,247.72977184844123,0.5383079797075206,7.276875569425521,0.47,True,0.0,1.0,1.0,0.5376930186380035,0.0,0.1098901098901098,40.072541691441394,3
10.0,57.0,5.5,-3545.158713259745,222.38985328911747,0.5735130238682982,7.276875569425521,0.47,True,0.0,1.0,1.0,0.5729449549490846,0.0,0.1098901098901098,40.77758041766301,3
10.0,58.0,5.5,-3138.6164488586064,247.72977184844123,0.5383079797075206,7.276875569425521,0.47,True,0.0,1.0,1.0,0.5376930186380035,0.0,0.1098901098901098,40.072541691441394,3
10.0,59.0,5.5,-3369.274773761741,311.6220253009824,0.4588393807116931,7.276875569425521,0.47,True,0.0,1.0,1.0,0.4581185696545574,0.0,0.1098901098901098,38.48105271177247,3
10.0,60.0,5.5,-3969.3111072526726,395.8176225984516,0.3717461476288909,7.276875569425521,0.595,True,0.0,1.0,1.0,0.3709093307812926,0.0,0.3846153846153845,40.03357123101047,3
10.0,61.0,5.5,-3927.477650693315,489.9584565619979,0.2937882111699398,7.276875569425521,0.595,True,0.0,1.0,1.0,0.2928475564956626,0.0,0.3846153846153845,38.47233574529787,3
10.0,62.0,5.5,-3853.830252653744,589.2965770177354,0.2291814015407093,7.276875569425521,0.595,True,0.0,1.0,1.0,0.2281546923733903,0.0,0.3846153846153845,37.178478462852425,4
10.0,63.0,5.5,-3827.9591320952222,691.5951823445007,0.1774639204388165,7.276875569425521,0.595,True,0.0,1.0,1.0,0.1763683250094586,0.0,0.3846153846153845,36.14275111557379,4
10.0,64.0,5.5,-3975.713861647787,795.7123536451521,0.1367937606506248,7.276875569425521,0.595,True,0.0,1.0,1.0,0.1356439936872973,0.0,0.3846153846153845,35.32826448913056,4
10.0,65.0,5.5,-3658.52557702202,838.8879727148519,0.1227973391348139,7.276875569425521,0.595,True,0.0,1.0,1.0,0.12162892932308,0.0,0.3846153846153845,35.047963201846215,4
10.0,66.0,5.5,-4733.307617892582,739.293211309888,0.1575152455473873,7.276875569425521,0.875,True,0.0,1.0,1.0,0.1563930790318779,0.0,1.0,43.12786158063757,2
10.0,67.0,5.5,-4361.730074078557,643.0827416765495,0.2003465114777916,7.276875569425521,0.875,True,0.0,1.0,1.0,0.1992813950301795,0.0,1.0,43.9856279006036,2
10.0,68.0,5.5,-4278.673974083206,552.0297124948443,0.2515598661876553,7.276875569425521,0.875,True,0.0,1.0,1.0,0.2505629645195968,0.0,1.0,45.01125929039194,2
10.0,69.0,5.5,-4099.547855423465,469.1474749477508,0.3094778713826829,7.276875569425521,0.875,True,0.0,1.0,1.0,0.3085581149041742,0.0,1.0,46.17116229808349,1
10.0,70.0,5.5,-3203.9167016216816,399.5542865098682,0.368289591715223,7.276875569425521,0.875,True,0.0,1.0,1.0,0.3674481708302403,0.0,1.0,47.3489634166048,1
10.0,85.0,5.5,-3386.271261948456,547.522886636004,0.2544102349534945,7.276875569425521,0.7,True,0.0,1.0,1.0,0.2534171298982162,0.0,0.6153846153846153,40.45295798257971,4
10.0,86.0,5.5,-4755.889907433399,657.0246929136187,0.1934837533052598,7.276875569425521,0.7,True,0.0,1.0,1.0,0.1924094958525617,0.0,0.6153846153846153,39.23280530166662,4
10.0,87.0,5.5,-3625.879310100605,766.5249850072684,0.14714857880045,7.276875569425521,0.7,True,0.0,1.0,1.0,0.1460126041700288,0.0,0.6153846153846153,38.30486746801596,4
10.0,88.0,5.5,-3716.551660031421,796.3209929342158,0.1365857737838999,7.276875569425521,0.7,True,0.0,1.0,1.0,0.1354357297877878,0.0,0.6153846153846153,38.093329980371145,4
10.0,89.0,5.5,-4359.903691552678,707.683159873602,0.1704679630892037,7.276875569425521,0.7,True,0.0,1.0,1.0,0.1693630492371205,0.0,0.6153846153846153,38.7718763693578,4
10.0,90.0,5.5,-3485.3548928810305,625.8923152011399,0.2091443097524067,7.276875569425521,0.42,True,0.0,1.0,1.0,0.208090911730062,0.0,0.0,32.16181823460124,3
10.0,91.0,5.5,-4877.386462203419,553.9900533233459,0.2503300245938292,7.276875569425521,0.42,True,0.0,1.0,1.0,0.2493314848106017,0.0,0.0,32.98662969621204,3
10.0,92.0,5.5,-3777.289489518493,496.29358833444417,0.2891718962911331,7.276875569425521,0.42,True,0.0,1.0,1.0,0.2882250928124358,0.0,0.0,33.76450185624872,3
10.0,93.0,5.5,-3811.116991038364,458.2014731188642,0.3180636742367314,7.276875569425521,0.42,True,0.0,1.0,1.0,0.3171553538114219,0.0,0.0,34.34310707622844,3
10.0,94.0,5.5,-4446.777844471859,444.7797065782349,0.3289171885465591,7.276875569425521,0.42,True,0.0,1.0,1.0,0.3280233247037216,0.0,0.0,34.56046649407444,3
10.0,95.0,5.5,-4113.379677487641,458.2014731188642,0.3180636742367314,7.276875569425521,0.42,True,0.0,1.0,1.0,0.3171553538114219,0.0,0.0,34.34310707622844,3
10.0,96.0,5.5,-3432.7121927124326,496.29358833444417,0.2891718962911331,7.276875569425521,0.595,True,0.0,1.0,1.0,0.2882250928124358,0.0,0.3846153846153845,38.37988647163333,3
10.0,97.0,5.5,-3735.4201722842463,553.9900533233459,0.2503300245938292,7.276875569425521,0.595,True,0.0,1.0,1.0,0.2493314848106017,0.0,0.3846153846153845,37.602014311596655,4
10.0,98.0,5.5,-3978.865580464535,625.8923152011399,0.2091443097524067,7.276875569425521,0.595,True,0.0,1.0,1.0,0.208090911730062,0.0,0.3846153846153845,36.777202849985855,4
10.0,99.0,5.5,-4148.945736369016,707.683159873602,0.1704679630892037,7.276875569425521,0.595,True,0.0,1.0,1.0,0.1693630492371205,0.0,0.3846153846153845,36.00264560012703,4
10.0,100.0,5.5,-4670.22861145224,796.3209929342158,0.1365857737838999,7.276875569425521,0.595,True,0.0,1.0,1.0,0.1354357297877878,0.0,0.3846153846153845,35.32409921114038,4
11.0,55.0,5.5,-3201.78137415009,244.6511925432129,0.542467023625939,7.276875569425521,0.47,True,0.0,1.0,1.0,0.5418576022885025,0.0,0.1098901098901098,40.15583336445137,3
11.0,56.0,5.5,-4792.601430237986,155.68179481457878,0.6775956963103433,7.276875569425521,0.47,True,0.0,1.0,1.0,0.677166262647426,0.0,0.1098901098901098,42.86200657162985,3
11.0,57.0,5.5,-3236.1158110395795,111.19492664455872,0.7573064266651235,7.276875569425521,0.47,True,0.0,1.0,1.0,0.7569831655021334,0.0,0.1098901098901098,44.45834462872399,3
11.0,58.0,5.5,-4574.778171922327,155.68179481457878,0.6775956963103433,7.276875569425521,0.47,True,0.0,1.0,1.0,0.677166262647426,0.0,0.1098901098901098,42.86200657162985,3
11.0,59.0,5.5,-4026.426672229152,244.6511925432129,0.542467023625939,7.276875569425521,0.47,True,0.0,1.0,1.0,0.5418576022885025,0.0,0.1098901098901098,40.15583336445137,3
11.0,60.0,5.5,-3898.1333366728063,345.2767506175158,0.4218135545050331,7.276875569425521,0.595,True,0.0,1.0,1.0,0.4210434260659999,0.0,0.3846153846153845,41.03625313670462,3
11.0,61.0,5.5,-4416.944265509275,449.8017197936457,0.3248134376471344,7.276875569425521,0.595,True,0.0,1.0,1.0,0.3239141077209963,0.0,0.3846153846153845,39.09366676980455,3
11.0,62.0,5.5,-3886.521527249462,556.0304447686132,0.2490563477530576,7.276875569425521,0.595,True,0.0,1.0,1.0,0.2480561114673181,0.0,0.3846153846153845,37.57650684473098,4
11.0,63.0,5.5,-3992.60110299706,663.1436810549714,0.1905464651444707,7.276875569425521,0.595,True,0.0,1.0,1.0,0.1894682953047497,0.0,0.3846153846153845,36.40475052147961,4
11.0,64.0,5.5,-3298.571208192044,770.7717282793509,0.1455945870597033,7.276875569425521,0.595,True,0.0,1.0,1.0,0.144456542555035,0.0,0.3846153846153845,35.50451546648532,4
11.0,65.0,5.5,-3519.683063195244,878.7243714204933,0.1111570815943824,7.276875569425521,0.595,True,0.0,1.0,1.0,0.1099731672798373,0.0,0.3846153846153845,34.81484796098137,4
11.0,66.0,5.5,-4863.203722056733,794.8912187053891,0.1370748644230983,7.276875569425521,0.875,True,0.0,1.0,1.0,0.1359254718822624,0.0,1.0,42.71850943764525,2
11.0,67.0,5.5,-4359.2579762702,706.5663197594964,0.170944591825546,7.276875569425521,0.875,True,0.0,1.0,1.0,0.1698403128298272,0.0,1.0,43.39680625659655,2
11.0,68.0,5.5,-3892.836598295351,625.084424037752,0.2095671512203266,7.276875569425521,0.875,True,0.0,1.0,1.0,0.2085143164111845,0.0,1.0,44.170286328223696,2
11.0,69.0,5.5,-4778.032124937435,553.476813821232,0.2506514288894267,7.276875569425521,0.875,True,0.0,1.0,1.0,0.2496533172078789,0.0,1.0,44.99306634415758,2
11.0,70.0,5.5,-4995.283594207688,496.0390469985382,0.2893559703549652,7.276875569425521,0.875,True,0.0,1.0,1.0,0.2884094120578568,0.0,1.0,45.768188241157134,2
11.0,85.0,5.5,-4821.898824779624,557.8458825289119,0.2479285432671921,7.276875569425521,0.7,True,0.0,1.0,1.0,0.2469268047769041,0.0,0.6153846153846153,40.32315148015347,4
11.0,86.0,5.5,-4831.237720131077,665.3361749085786,0.1895048924203196,7.276875569425521,0.7,True,0.0,1.0,1.0,0.1884253352343845,0.0,0.6153846153846153,39.15312208930308,4
11.0,87.0,5.5,-4992.837111514215,773.3400016702724,0.1446627649687444,7.276875569425521,0.7,True,0.0,1.0,1.0,0.1435234793026861,0.0,0.6153846153846153,38.25508497066911,4
11.0,88.0,5.5,-3026.116576326006,862.6671863987278,0.1157100291701558,7.276875569425521,0.7,True,0.0,1.0,1.0,0.1145321792565264,0.0,0.6153846153846153,37.67525896974592,4
11.0,89.0,5.5,-4389.664386740277,781.8269125912208,0.1416257475208042,7.276875569425521,0.7,True,0.0,1.0,1.0,0.140482416631056,0.0,0.6153846153846153,38.1942637172365,4
11.0,90.0,5.5,-3589.996024610431,708.8595803944428,0.1699673445975802,7.276875569425521,0.7,True,0.0,1.0,1.0,0.1688617639354386,0.0,0.6153846153846153,38.76185066332416,4
11.0,91.0,5.5,-4622.295171636572,646.4372796692302,0.1986733621266378,7.276875569425521,0.7,True,0.0,1.0,1.0,0.1976060170901196,0.0,0.6153846153846153,39.336735726417785,4
11.0,92.0,5.5,-3442.50716566659,597.8725994221194,0.2243200396105666,7.276875569425521,0.7,True,0.0,1.0,1.0,0.2232868552428967,0.0,0.6153846153846153,39.85035248947332,4
11.0,93.0,5.5,-4491.626052044356,566.7396017039342,0.2424768579579107,7.276875569425521,0.7,True,0.0,1.0,1.0,0.241467857972771,0.0,0.6153846153846153,40.213972544070806,4
11.0,94.0,5.5,-3564.2274382912174,555.9746332227936,0.2490911007269334,7.276875569425521,0.7,True,0.0,1.0,1.0,0.248090910731199,0.0,0.6153846153846153,40.34643359923937,4
11.0,95.0,5.5,-3213.9585761243206,566.7396017039342,0.2424768579579107,7.276875569425521,0.7,True,0.0,1.0,1.0,0.241467857972771,0.0,0.6153846153846153,40.213972544070806,4
11.0,96.0,5.5,-3029.625102259572,597.8725994221194,0.2243200396105666,7.276875569425521,0.875,True,0.0,1.0,1.0,0.2232868552428967,0.0,1.0,44.465737104857936,2
11.0,97.0,5.5,-3834.180394672871,646.4372796692302,0.1986733621266378,7.276875569425521,0.875,True,0.0,1.0,1.0,0.1976060170901196,0.0,1.0,43.9521203418024,2
11.0,98.0,5.5,-4223.046273120701,708.8595803944428,0.1699673445975802,7.276875569425521,0.875,True,0.0,1.0,1.0,0.1688617639354386,0.0,1.0,43.37723527870877,2
11.0,99.0,5.5,-4587.688181913797,781.8269125912208,0.1416257475208042,7.276875569425521,0.875,True,0.0,1.0,1.0,0.140482416631056,0.0,1.0,42.80964833262112,2
11.0,100.0,5.5,-4296.324078481932,862.6671863987278,0.1157100291701558,7.276875569425521,0.875,True,0.0,1.0,1.0,0.1145321792565264,0.0,1.0,42.29064358513053,2
12.0,55.0,5.5,-3698.752408052305,217.52962396886656,0.5805240436016498,7.276875569425521,0.47,True,0.0,1.0,1.0,0.5799653131678423,0.0,0.1098901098901098,40.917987582038165,3
12.0,56.0,5.5,-4919.647291150363,108.76499103465724,0.7619209433314471,7.276875569425521,0.47,True,0.0,1.0,1.0,0.7616038285777076,0.0,0.1098901098901098,44.550757890235474,3
12.0,57.0,5.5,-3379.043740868157,0.0,1.0,7.276875569425521,0.47,True,0.0,1.0,1.0,1.0,0.0,0.1098901098901098,49.31868131868132,3
12.0,58.0,5.5,-3776.835885490032,108.76499103465724,0.7619209433314471,7.276875569425521,0.47,True,0.0,1.0,1.0,0.7616038285777076,0.0,0.1098901098901098,44.550757890235474,3
12.0,59.0,5.5,-4947.040485284438,217.52962396886656,0.5805240436016498,7.276875569425521,0.47,True,0.0,1.0,1.0,0.5799653131678423,0.0,0.1098901098901098,40.917987582038165,3
12.0,60.0,5.5,-4298.916804162493,326.2935404945689,0.4423146151034963,7.276875569425521,0.595,True,0.0,1.0,1.0,0.4415717935131798,0.0,0.3846153846153845,41.44682048564822,3
12.0,61.0,5.5,-4028.008757210251,435.0563818882314,0.3370105799134709,7.276875569425521,0.595,True,0.0,1.0,1.0,0.3361274962452785,0.0,0.3846153846153845,39.33793454029019,3
12.0,62.0,5.5,-3399.868407430283,543.8177888024823,0.256777719755705,7.276875569425521,0.595,True,0.0,1.0,1.0,0.255787768125052,0.0,0.3846153846153845,37.73113997788566,4
12.0,63.0,5.5,-3019.927074631452,652.57740105699,0.1956469532999482,7.276875569425521,0.595,True,0.0,1.0,1.0,0.1945755771701317,0.0,0.3846153846153845,36.50689615878726,4
12.0,64.0,5.5,-4433.655147593792,761.3348574283323,0.1490703191784368,7.276875569425521,0.595,True,0.0,1.0,1.0,0.1479369042533306,0.0,0.3846153846153845,35.574122700451234,4
12.0,65.0,5.5,-3495.5807382207227,870.0897954385997,0.1135826527982299,7.276875569425521,0.595,True,0.0,1.0,1.0,0.112401969277799,0.0,0.3846153846153845,34.8634240009406,4
12.0,66.0,5.5,-3022.401721570345,861.2717273211434,0.1161144056499979,7.276875569425521,0.875,True,0.0,1.0,1.0,0.114937094354715,0.0,1.0,42.2987418870943,2
12.0,67.0,5.5,-4669.409360390722,780.758060891493,0.1420046958972486,7.276875569425521,0.875,True,0.0,1.0,1.0,0.1408618697563127,0.0,1.0,42.817237395126256,2
12.0,68.0,5.5,-3193.382477753523,708.1053785672967,0.1702881211199726,7.276875569425521,0.875,True,0.0,1.0,1.0,0.1691829677233339,0.0,1.0,43.38365935446668,2
12.0,69.0,5.5,-3788.587096778673,645.9722339142936,0.1989044769585094,7.276875569425521,0.875,True,0.0,1.0,1.0,0.1978374397605891,0.0,1.0,43.95674879521179,2
12.0,70.0,5.5,-4009.957093179244,597.6491890108134,0.2244453631863322,7.276875569425521,0.875,True,0.0,1.0,1.0,0.2234123457462174,0.0,1.0,44.46824691492435,2
12.0,85.0,5.5,-3657.382631717564,589.2965770177354,0.2291814015407093,7.276875569425521,0.7,True,0.0,1.0,1.0,0.2281546923733903,0.0,0.6153846153846153,39.9477092320832,4
12.0,86.0,5.5,-4487.699912879096,691.5951823445007,0.1774639204388165,7.276875569425521,0.7,True,0.0,1.0,1.0,0.1763683250094586,0.0,0.6153846153846153,38.91198188480456,4
12.0,87.0,5.5,-4351.5610418964025,795.7123536451521,0.1367937606506248,7.276875569425521,0.7,True,0.0,1.0,1.0,0.1356439936872973,0.0,0.6153846153846153,38.09749525836133,4
12.0,88.0,5.5,-3961.7025530270657,901.016917957712,0.1051316089744096,7.276875569425521,0.7,True,0.0,1.0,1.0,0.1039396688961002,0.0,0.6153846153846153,37.46340876253739,4
12.0,89.0,5.5,-3986.468650011846,863.9198491382068,0.1153482318730208,7.276875569425521,0.7,True,0.0,1.0,1.0,0.114169900055345,0.0,0.6153846153846153,37.66801338572229,4
12.0,90.0,5.5,-3188.5277667433784,798.693541660066,0.1357780306555229,7.276875569425521,0.7,True,0.0,1.0,1.0,0.1346269107677855,0.0,0.6153846153846153,38.0771535999711,4
12.0,91.0,5.5,-4194.209078792244,744.0185036085635,0.1556654292710155,7.276875569425521,0.7,True,0.0,1.0,1.0,0.1545407988511158,0.0,0.6153846153846153,38.4754313616377,4
12.0,92.0,5.5,-4366.298867327122,702.363597223754,0.1727501422208101,7.276875569425521,0.7,True,0.0,1.0,1.0,0.1716482681685456,0.0,0.6153846153846153,38.8175807479863,4
12.0,93.0,5.5,-4994.086088443679,676.1398483831988,0.1844550233762824,7.276875569425521,0.7,True,0.0,1.0,1.0,0.1833687399037065,0.0,0.6153846153846153,39.05199018268952,4
12.0,94.0,5.5,-3987.303875755724,667.1695598673524,0.1886382914055963,7.276875569425521,0.7,True,0.0,1.0,1.0,0.1875575799309504,0.0,0.6153846153846153,39.13576698323439,4
12.0,95.0,5.5,-3588.674560887902,676.1398483831988,0.1844550233762824,7.276875569425521,0.7,True,0.0,1.0,1.0,0.1833687399037065,0.0,0.6153846153846153,39.05199018268952,4
12.0,96.0,5.5,-4125.099982543878,702.363597223754,0.1727501422208101,7.276875569425521,0.875,True,0.0,1.0,1.0,0.1716482681685456,0.0,1.0,43.43296536337091,2
12.0,97.0,5.5,-4468.591938682107,744.0185036085635,0.1556654292710155,7.276875569425521,0.875,True,0.0,1.0,1.0,0.1545407988511158,0.0,1.0,43.09081597702232,2
12.0,98.0,5.5,-4022.8724182149226,798.693541660066,0.1357780306555229,7.276875569425521,0.875,True,0.0,1.0,1.0,0.1346269107677855,0.0,1.0,42.69253821535571,2
12.0,99.0,5.5,-4132.199557525839,863.9198491382068,0.1153482318730208,7.276875569425521,0.875,True,0.0,1.0,1.0,0.114169900055345,0.0,1.0,42.2833980011069,2
12.0,100.0,5.5,-3228.5351039771244,937.4972594014092,0.0959677435654029,7.276875569425521,0.875,True,0.0,1.0,1.0,0.0947635974704739,0.0,1.0,41.89527194940948,2
13.0,55.0,5.5,-4135.276457693514,243.9325351685584,0.5434425194902467,7.276875569425521,0.47,True,0.0,1.0,1.0,0.5428343974864649,0.0,0.1098901098901098,40.17536926841062,3
13.0,56.0,5.5,-4022.648643227648,155.39963406684518,0.67807384220385,7.276875569425521,0.47,True,0.0,1.0,1.0,0.6776450454181087,0.0,0.1098901098901098,42.8715822270435,3
13.0,57.0,5.5,-4664.144233076812,111.19492664455872,0.7573064266651235,7.276875569425521,0.47,True,0.0,1.0,1.0,0.7569831655021334,0.0,0.1098901098901098,44.45834462872399,3
13.0,58.0,5.5,-4640.10472337895,155.39963406684518,0.67807384220385,7.276875569425521,0.47,True,0.0,1.0,1.0,0.6776450454181087,0.0,0.1098901098901098,42.8715822270435,3
13.0,59.0,5.5,-3732.2372078157614,243.9325351685584,0.5434425194902467,7.276875569425521,0.47,True,0.0,1.0,1.0,0.5428343974864649,0.0,0.1098901098901098,40.17536926841062,3
13.0,60.0,5.5,-3714.8078123508494,344.1306630215536,0.4230238758013727,7.276875569425521,0.595,True,0.0,1.0,1.0,0.4222553594770092,0.0,0.3846153846153845,41.0604918049248,3
13.0,61.0,5.5,-3135.7572055361893,448.2373243938325,0.3260862666536548,7.276875569425521,0.595,True,0.0,1.0,1.0,0.3251886321007369,0.0,0.3846153846153845,39.11915725739936,3
13.0,62.0,5.5,-3766.622626299516,554.0525781627597,0.2502908980404153,7.276875569425521,0.595,True,0.0,1.0,1.0,0.2492923061416951,0.0,0.3846153846153845,37.60123073821852,4
13.0,63.0,5.5,-4866.771813940932,660.754928888282,0.1916877903851144,7.276875569425521,0.595,True,0.0,1.0,1.0,0.1906111407592151,0.0,0.3846153846153845,36.42760743056892,4
13.0,64.0,5.5,-3750.653043162604,767.9734960344914,0.1466166766168561,7.276875569425521,0.595,True,0.0,1.0,1.0,0.1454799935073595,0.0,0.3846153846153845,35.52498448553181,4
13.0,65.0,5.5,-3787.9348907601616,875.5173915909695,0.1120518600182968,7.276875569425521,0.595,True,0.0,1.0,1.0,0.1108691375239963,0.0,0.3846153846153845,34.83276736586454,4
13.0,66.0,5.5,-3269.646472340167,936.1437771527196,0.0962930201685911,7.276875569425521,0.875,True,0.0,1.0,1.0,0.095089307333149,0.0,1.0,41.901786146662985,2
13.0,67.0,5.5,-4436.234254125333,862.900284741729,0.115642619273312,7.276875569425521,0.875,True,0.0,1.0,1.0,0.1144646795715546,0.0,1.0,42.28929359143109,2
13.0,68.0,5.5,-4767.72538837865,797.9879886891058,0.1360177384838864,7.276875569425521,0.875,True,0.0,1.0,1.0,0.1348669378803819,0.0,1.0,42.69733875760764,2
13.0,69.0,5.5,-3014.918646672192,743.5926031626378,0.15583126248025,7.276875569425521,0.875,True,0.0,1.0,1.0,0.1547068529456228,0.0,1.0,43.09413705891246,2
13.0,70.0,5.5,-3505.690369602584,702.163134842449,0.1728367386803641,7.276875569425521,0.875,True,0.0,1.0,1.0,0.1717349799722014,0.0,1.0,43.43469959944403,2
13.0,85.0,5.5,-3317.875124154515,638.7617480762947,0.2025224832526208,7.276875569425521,0.7,True,0.0,1.0,1.0,0.2014602651395501,0.0,0.6153846153846153,39.41382068740639,4
13.0,86.0,5.5,-4306.784967780846,733.8776655948508,0.1596623247906382,7.276875569425521,0.7,True,0.0,1.0,1.0,0.1585430181256129,0.0,0.6153846153846153,38.555475747127645,4
13.0,87.0,5.5,-3265.2346258255693,832.3885426566949,0.1248089193260653,7.276875569425521,0.7,True,0.0,1.0,1.0,0.1236431888838059,0.0,0.6153846153846153,37.857479162291504,4
13.0,88.0,5.5,-4657.94597085713,933.2188709834212,0.0969997209333609,7.276875569425521,0.7,True,0.0,1.0,1.0,0.0957969494038955,0.0,0.6153846153846153,37.3005543726933,4
13.0,89.0,5.5,-4634.800078775296,951.9075191938888,0.0925719778641859,7.276875569425521,0.7,True,0.0,1.0,1.0,0.0913633087027631,0.0,0.6153846153846153,37.21188155867065,4
13.0,90.0,5.5,-4534.316448132016,893.3249930679067,0.1071728333537019,7.276875569425521,0.7,True,0.0,1.0,1.0,0.1059836121301101,0.0,0.6153846153846153,37.50428762721759,4
13.0,91.0,5.5,-3771.82616676658,844.9568513519267,0.1209482962554229,7.276875569425521,0.7,True,0.0,1.0,1.0,0.1197774235694422,0.0,0.6153846153846153,37.78016385600424,4
13.0,92.0,5.5,-3493.1049634193773,808.6385132772547,0.1324438783118666,7.276875569425521,0.7,True,0.0,1.0,1.0,0.1312883174249326,0.0,0.6153846153846153,38.01038173311404,4
13.0,93.0,5.5,-4387.390753071576,786.0423283270084,0.1401410559900216,7.276875569425521,0.7,True,0.0,1.0,1.0,0.1389957475319994,0.0,0.6153846153846153,38.16453033525538,4
13.0,94.0,5.5,-4688.972244010307,778.3644865119112,0.1428569903965864,7.276875569425521,0.7,True,0.0,1.0,1.0,0.1417152994884762,0.0,0.6153846153846153,38.21892137438491,4
13.0,95.0,5.5,-4436.447377691902,786.0423283270084,0.1401410559900216,7.276875569425521,0.7,True,0.0,1.0,1.0,0.1389957475319994,0.0,0.6153846153846153,38.16453033525538,4
13.0,96.0,5.5,-3231.6204654985886,808.6385132772547,0.1324438783118666,7.276875569425521,0.875,True,0.0,1.0,1.0,0.1312883174249326,0.0,1.0,42.62576634849866,2
13.0,97.0,5.5,-4669.711918305205,844.9568513519267,0.1209482962554229,7.276875569425521,0.875,True,0.0,1.0,1.0,0.1197774235694422,0.0,1.0,42.39554847138885,2
13.0,98.0,5.5,-4840.157531648791,893.3249930679067,0.1071728333537019,7.276875569425521,0.875,True,0.0,1.0,1.0,0.1059836121301101,0.0,1.0,42.1196722426022,2
13.0,99.0,5.5,-4877.6396499761295,951.9075191938888,0.0925719778641859,7.276875569425521,0.875,True,0.0,1.0,1.0,0.0913633087027631,0.0,1.0,41.82726617405527,2
13.0,100.0,5.5,-4415.88868985827,1018.943725179516,0.0782881277259255,7.276875569425521,0.875,True,0.0,1.0,1.0,0.0770604328690785,0.0,1.0,41.54120865738157,2
14.0,55.0,5.5,-3254.320172013656,310.49321745867013,0.4601360632111411,7.276875569425521,0.47,True,0.0,1.0,1.0,0.4594169792994219,0.0,0.1098901098901098,38.50702090466976,3
14.0,56.0,5.5,-4248.049261237247,247.3752007073483,0.5387853624455003,7.276875569425521,0.47,True,0.0,1.0,1.0,0.5381710372366569,0.0,0.1098901098901098,40.08210206341446,3
14.0,57.0,5.5,-3194.5631581133416,222.38985328911747,0.5735130238682982,7.276875569425521,0.47,True,0.0,1.0,1.0,0.5729449549490846,0.0,0.1098901098901098,40.77758041766301,3
14.0,58.0,5.5,-4359.073405736058,247.3752007073483,0.5387853624455003,7.276875569425521,0.47,True,0.0,1.0,1.0,0.5381710372366569,0.0,0.1098901098901098,40.08210206341446,3
14.0,59.0,5.5,-4726.762900367593,310.49321745867013,0.4601360632111411,7.276875569425521,0.47,True,0.0,1.0,1.0,0.4594169792994219,0.0,0.1098901098901098,38.50702090466976,3
14.0,60.0,5.5,-4531.961103293426,393.8163886346848,0.373610685501627,7.276875569425521,0.595,True,0.0,1.0,1.0,0.3727763521671802,0.0,0.3846153846153845,40.07091165872823,3
14.0,61.0,5.5,-3269.6962885660423,487.0826556038073,0.2959080132481151,7.276875569425521,0.595,True,0.0,1.0,1.0,0.2949701820918886,0.0,0.3846153846153845,38.51478825722239,3
14.0,62.0,5.5,-4422.974969171128,585.5589335876117,0.231332933861359,7.276875569425521,0.595,True,0.0,1.0,1.0,0.2303090904759009,0.0,0.3846153846153845,37.22156642490263,4
14.0,63.0,5.5,-3781.432987858356,687.0072543981763,0.1795111176872598,7.276875569425521,0.595,True,0.0,1.0,1.0,0.1784182490683169,0.0,0.3846153846153845,36.18374959675096,4
14.0,64.0,5.5,-3248.9502933805024,790.2826214349546,0.1386633045679139,7.276875569425521,0.595,True,0.0,1.0,1.0,0.1375160277856517,0.0,0.3846153846153845,35.36570517109765,4
14.0,65.0,5.5,-3591.7941785247813,894.7512833699849,0.1067913649316225,7.276875569425521,0.595,True,0.0,1.0,1.0,0.1056016356025869,0.0,0.3846153846153845,34.72741732743636,4
14.0,66.0,5.5,-3571.3966703942733,1000.0379701981416,0.0820772070345593,7.276875569425521,0.875,True,0.0,1.0,1.0,0.0808545591271109,0.0,1.0,41.61709118254222,2
14.0,67.0,5.5,-3801.75094985407,950.9348751446768,0.0927973507210822,7.276875569425521,0.875,True,0.0,1.0,1.0,0.0915889817501046,0.0,1.0,41.83177963500209,2
14.0,68.0,5.5,-3087.1013856564487,892.6619141155322,0.1073506408136228,7.276875569425521,0.875,True,0.0,1.0,1.0,0.106161656424676,0.0,1.0,42.12323312849352,2
14.0,69.0,5.5,-4134.086111876217,844.5626388860926,0.1210675533268137,7.276875569425521,0.875,True,0.0,1.0,1.0,0.1198968394879713,0.0,1.0,42.39793678975943,2
14.0,70.0,5.5,-3776.090248393378,808.4554825459318,0.1325044954290697,7.276875569425521,0.875,True,0.0,1.0,1.0,0.1313490152824682,0.0,1.0,42.62698030564936,2
14.0,85.0,5.5,-3138.2276578873566,702.4459676726804,0.1727145721164255,7.276875569425521,0.7,True,0.0,1.0,1.0,0.1716126506857606,0.0,0.6153846153846153,38.8168683983306,4
14.0,86.0,5.5,-4285.000475649009,789.6136833264268,0.1388953915002651,7.276875569425521,0.7,True,0.0,1.0,1.0,0.1377484238514118,0.0,0.6153846153846153,38.13958386164362,4
14.0,87.0,5.5,-4075.103917653313,881.5851044407518,0.1103649407656947,7.276875569425521,0.7,True,0.0,1.0,1.0,0.1091799713413582,0.0,0.6153846153846153,37.56821481144255,4
14.0,88.0,5.5,-3966.7364271001456,977.003519519192,0.0869424564916715,7.276875569425521,0.7,True,0.0,1.0,1.0,0.0857262889626531,0.0,0.6153846153846153,37.099141163868445,4
14.0,89.0,5.5,-4941.153600942117,1044.3009532097185,0.0734792384286367,7.276875569425521,0.7,True,0.0,1.0,1.0,0.072245138263542,0.0,0.6153846153846153,36.82951814988623,4
14.0,90.0,5.5,-3379.069077913842,991.3810321138468,0.0838729118241452,7.276875569425521,0.7,True,0.0,1.0,1.0,0.0826526557460752,0.0,0.6153846153846153,37.03766849953689,4
14.0,91.0,5.5,-3970.818216139689,948.1807642996424,0.0934384908770538,7.276875569425521,0.7,True,0.0,1.0,1.0,0.0922309758871257,0.0,0.6153846153846153,37.2292349023579,4
14.0,92.0,5.5,-3200.8997851211734,916.0766871113606,0.1012470491337314,7.276875569425521,0.7,True,0.0,1.0,1.0,0.1000499349285816,0.0,0.6153846153846153,37.38561408318702,4
14.0,93.0,5.5,-3044.6474286893504,896.2623021370998,0.1063887165306031,7.276875569425521,0.7,True,0.0,1.0,1.0,0.1051984508849745,0.0,0.6153846153846153,37.48858440231488,4
14.0,94.0,5.5,-3868.348808459869,889.5594131564699,0.1081865169213727,7.276875569425521,0.7,True,0.0,1.0,1.0,0.1069986458964057,0.0,0.6153846153846153,37.5245883025435,4
14.0,95.0,5.5,-4958.8841200692505,896.2623021370998,0.1063887165306031,7.276875569425521,0.7,True,0.0,1.0,1.0,0.1051984508849745,0.0,0.6153846153846153,37.48858440231488,4
14.0,96.0,5.5,-4487.174491427275,916.0766871113606,0.1012470491337314,7.276875569425521,0.875,True,0.0,1.0,1.0,0.1000499349285816,0.0,1.0,42.00099869857164,2
14.0,97.0,5.5,-4669.871184939155,948.1807642996424,0.0934384908770538,7.276875569425521,0.875,True,0.0,1.0,1.0,0.0922309758871257,0.0,1.0,41.84461951774252,2
14.0,98.0,5.5,-3837.5720673240353,991.3810321138468,0.0838729118241452,7.276875569425521,0.875,True,0.0,1.0,1.0,0.0826526557460752,0.0,1.0,41.65305311492151,2
14.0,99.0,5.5,-3209.845684156789,1044.3009532097185,0.0734792384286367,7.276875569425521,0.875,True,0.0,1.0,1.0,0.072245138263542,0.0,1.0,41.44490276527084,2
14.0,100.0,5.5,-4248.649595166044,1105.5451795862602,0.0630477471127811,7.276875569425521,0.875,True,0.0,1.0,1.0,0.0617997524882324,0.0,1.0,41.235995049764654,2
15.0,55.0,5.5,-3445.819558916826,397.5273612338538,0.3701605668259823,7.276875569425521,0.47,True,0.0,1.0,1.0,0.3693216380283751,0.0,0.1098901098901098,36.70511407924882,3
15.0,56.0,5.5,-4033.873447446401,350.66530106069087,0.4161692491048279,7.276875569425521,0.47,True,0.0,1.0,1.0,0.4153916026062809,0.0,0.1098901098901098,37.62651337080694,3
15.0,57.0,5.5,-4130.006727281943,333.5847799336762,0.4343250987516106,7.276875569425521,0.47,True,0.0,1.0,1.0,0.4335716353453113,0.0,0.1098901098901098,37.99011402558755,3
15.0,58.0,5.5,-4310.173854319539,350.66530106069087,0.4161692491048279,7.276875569425521,0.47,True,0.0,1.0,1.0,0.4153916026062809,0.0,0.1098901098901098,37.62651337080694,3
15.0,59.0,5.5,-3761.462851431994,397.5273612338538,0.3701605668259823,7.276875569425521,0.47,True,0.0,1.0,1.0,0.3693216380283751,0.0,0.1098901098901098,36.70511407924882,3
15.0,60.0,5.5,-3753.120256490413,465.2566720928518,0.3125028530047581,7.276875569425521,0.42,True,0.0,1.0,1.0,0.3115871257185503,0.0,0.0,34.231742514371014,3
15.0,61.0,5.5,-3503.247665669072,546.1432823681224,0.2552892135001873,7.276875569425521,0.42,True,0.0,1.0,1.0,0.2542972792201518,0.0,0.0,33.08594558440304,3
15.0,62.0,5.5,-3866.003397585496,635.1793306969612,0.2043444299505015,7.276875569425521,0.42,True,0.0,1.0,1.0,0.2032846386203091,0.0,0.0,32.06569277240619,3
15.0,63.0,5.5,-4906.7191135087305,729.3852951619288,0.1614655877607401,7.276875569425521,0.42,True,0.0,1.0,1.0,0.1603486829923818,0.0,0.0,31.20697365984764,3
15.0,64.0,5.5,-3105.241600238997,826.9949927961565,0.1265032243773502,7.276875569425521,0.42,True,0.0,1.0,1.0,0.1253397507028075,0.0,0.0,30.506795014056152,3
15.0,65.0,5.5,-4315.374162725467,926.9323970680538,0.0985362288671547,7.276875569425521,0.42,True,0.0,1.0,1.0,0.0973355039239865,0.0,0.0,29.94671007847973,3
15.0,66.0,5.5,-4901.521671606432,1002.7206956850584,0.0815285723483883,7.276875569425521,0.7,True,0.0,1.0,1.0,0.0803051936746313,0.0,0.6153846153846153,36.990719258108015,4
15.0,67.0,5.5,-4191.465713139908,1043.3713421915902,0.0736502047910712,7.276875569425521,0.7,True,0.0,1.0,1.0,0.072416332348468,0.0,0.6153846153846153,36.83294203158475,4
15.0,68.0,5.5,-3270.443971648922,990.7545370869155,0.0840043796575799,7.276875569425521,0.7,True,0.0,1.0,1.0,0.0827842986910473,0.0,0.6153846153846153,37.04030135843633,4
15.0,69.0,5.5,-3015.8794633013545,947.8124108423384,0.0935245764862845,7.276875569425521,0.7,True,0.0,1.0,1.0,0.0923171761600196,0.0,0.6153846153846153,37.23095890781578,4
15.0,70.0,5.5,-4589.480588940479,915.9072744271904,0.1012899395517114,7.276875569425521,0.7,True,0.0,1.0,1.0,0.1000928824754184,0.0,0.6153846153846153,37.38647303412376,4
15.0,85.0,5.5,-3415.345721539504,776.8601575429041,0.143395261706256,7.276875569425521,0.7,True,0.0,1.0,1.0,0.1422542877607221,0.0,0.6153846153846153,38.22970113982983,4
15.0,86.0,5.5,-3468.507687949688,856.1797972134225,0.1176019698734229,7.276875569425521,0.7,True,0.0,1.0,1.0,0.1164266399727615,0.0,0.6153846153846153,37.71314818407062,4
15.0,87.0,5.5,-3222.4630882592555,941.3410017072604,0.0950499720343501,7.276875569425521,0.7,True,0.0,1.0,1.0,0.0938446034929904,0.0,0.6153846153846153,37.26150745447519,4
15.0,88.0,5.5,-4097.75960856226,1030.8960206608251,0.0759834252229769,7.276875569425521,0.7,True,0.0,1.0,1.0,0.0747526605658002,0.0,0.6153846153846153,36.87966859593139,4
15.0,89.0,5.5,-3168.692453278835,1123.7937818629382,0.0602360387980332,7.276875569425521,0.7,True,0.0,1.0,1.0,0.0589842990553615,0.0,0.6153846153846153,36.56430136572262,4
15.0,90.0,5.5,-4694.48280169816,1091.93943204765,0.0652291659129108,7.276875569425521,0.7,True,0.0,1.0,1.0,0.0639840768781913,0.0,0.6153846153846153,36.66429692217921,4
15.0,91.0,5.5,-4759.152114424787,1053.0182980424545,0.0718952022118951,7.276875569425521,0.7,True,0.0,1.0,1.0,0.0706589921541378,0.0,0.6153846153846153,36.79779522769815,4
15.0,92.0,5.5,-4144.47706053912,1024.3121394146797,0.0772444393332164,7.276875569425521,0.7,True,0.0,1.0,1.0,0.076015354312143,0.0,0.6153846153846153,36.904922470858246,4
15.0,93.0,5.5,-4455.988890608988,1006.6954886790444,0.0807224362663906,7.276875569425521,0.7,True,0.0,1.0,1.0,0.0794979838415497,0.0,0.6153846153846153,36.97457506144638,4
15.0,94.0,5.5,-4549.759607759624,1000.7543398010286,0.0819303445430707,7.276875569425521,0.7,True,0.0,1.0,1.0,0.0807075010188239,0.0,0.6153846153846153,36.998765404991865,4
15.0,95.0,5.5,-4615.971189286602,1006.6954886790444,0.0807224362663906,7.276875569425521,0.7,True,0.0,1.0,1.0,0.0794979838415497,0.0,0.6153846153846153,36.97457506144638,4
15.0,96.0,5.5,-3489.833452716324,1024.3121394146797,0.0772444393332164,7.276875569425521,0.875,True,0.0,1.0,1.0,0.076015354312143,0.0,1.0,41.52030708624287,2
15.0,97.0,5.5,-3476.9308490879557,1053.0182980424545,0.0718952022118951,7.276875569425521,0.875,True,0.0,1.0,1.0,0.0706589921541378,0.0,1.0,41.41317984308276,2
15.0,98.0,5.5,-3873.323719759245,1091.93943204765,0.0652291659129108,7.276875569425521,0.875,True,0.0,1.0,1.0,0.0639840768781913,0.0,1.0,41.27968153756383,2
15.0,99.0,5.5,-3892.543357626605,1140.0294115363424,0.0578400678053379,7.276875569425521,0.875,True,0.0,1.0,1.0,0.056585136695219,0.0,1.0,41.13170273390438,2
15.0,100.0,5.5,-3906.019603868946,1196.1824420945832,0.0502645055902767,7.276875569425521,0.875,True,0.0,1.0,1.0,0.048999484039697,0.0,1.0,40.97998968079394,2
16.0,55.0,5.5,-4583.789083256481,494.3368996914692,0.2905899101413499,7.276875569425521,0.75,True,0.0,1.0,1.0,0.2896449954180904,0.0,0.7252747252747253,42.49619661165852,4
16.0,56.0,5.5,-3158.223680272543,457.672410281731,0.3184846417478946,7.276875569425521,0.75,True,0.0,1.0,1.0,0.3175768820397289,0.0,0.7252747252747253,43.05483434409128,4
16.0,57.0,5.5,-3432.738574048885,444.7797065782349,0.3289171885465591,7.276875569425521,0.75,True,0.0,1.0,1.0,0.3280233247037216,0.0,0.7252747252747253,43.26376319737114,1
16.0,58.0,5.5,-3381.161151901469,457.672410281731,0.3184846417478946,7.276875569425521,0.75,True,0.0,1.0,1.0,0.3175768820397289,0.0,0.7252747252747253,43.05483434409128,4
16.0,59.0,5.5,-3194.720959676264,494.3368996914692,0.2905899101413499,7.276875569425521,0.75,True,0.0,1.0,1.0,0.2896449954180904,0.0,0.7252747252747253,42.49619661165852,4
16.0,60.0,5.5,-3570.871526949194,550.0392431874752,0.2528147914423708,7.276875569425521,0.7,True,0.0,1.0,1.0,0.2518195613002277,0.0,0.6153846153846153,40.42100661061994,4
16.0,61.0,5.5,-3260.956019426111,619.6657084952583,0.2124254297052776,7.276875569425521,0.7,True,0.0,1.0,1.0,0.2113764020444439,0.0,0.6153846153846153,39.61214342550426,4
16.0,62.0,5.5,-4038.433280841175,699.0670753007792,0.1741797114650764,7.276875569425521,0.7,True,0.0,1.0,1.0,0.1730797415597167,0.0,0.6153846153846153,38.84621021580973,4
16.0,63.0,5.5,-4179.86373618871,737.8843803045677,0.1580710045904288,7.276875569425521,0.7,True,0.0,1.0,1.0,0.1569495783306753,0.0,0.6153846153846153,38.52360695122889,4
16.0,64.0,5.5,-4838.71503844498,788.5103463872879,0.1392790414162175,7.276875569425521,0.7,True,0.0,1.0,1.0,0.1381325847784978,0.0,0.6153846153846153,38.147267080185344,4
16.0,65.0,5.5,-4487.3312622252615,849.1749544791807,0.1196795665866084,7.276875569425521,0.7,True,0.0,1.0,1.0,0.1185070039876126,0.0,0.6153846153846153,37.75475546436764,4
16.0,66.0,5.5,-3821.5740588799767,917.8881951659376,0.1007895612318991,7.276875569425521,0.7,True,0.0,1.0,1.0,0.0995918376654498,0.0,0.6153846153846153,37.37645213792438,4
16.0,67.0,5.5,-3223.3308295740053,992.978609564378,0.0835385962058153,7.276875569425521,0.7,True,0.0,1.0,1.0,0.082317894828539,0.0,0.6153846153846153,37.03097328118617,4
16.0,68.0,5.5,-4650.112708307929,1073.1061289317602,0.0683738168431234,7.276875569425521,0.7,True,0.0,1.0,1.0,0.0671329163969311,0.0,0.6153846153846153,36.72727371255401,4
16.0,69.0,5.5,-3231.1303431956467,1052.671299104765,0.0719575981691269,7.276875569425521,0.7,True,0.0,1.0,1.0,0.0707214712210681,0.0,0.6153846153846153,36.79904480903675,4
16.0,70.0,5.5,-4980.7044164963045,1024.1536281155438,0.0772750556901882,7.276875569425521,0.7,True,0.0,1.0,1.0,0.07604601144926,0.0,0.6153846153846153,36.90553561360058,4
16.0,85.0,5.5,-3049.401788946714,774.7186076525043,0.1441650407853682,7.276875569425521,0.7,True,0.0,1.0,1.0,0.1430250921643905,0.0,0.6153846153846153,38.2451172279032,4
16.0,86.0,5.5,-3977.12599790233,863.4050213150073,0.1154967886517798,7.276875569425521,0.7,True,0.0,1.0,1.0,0.1143186547076464,0.0,0.6153846153846153,37.67098847876832,4
16.0,87.0,5.5,-4223.421351186264,955.5557314511708,0.0917315108819213,7.276875569425521,0.7,True,0.0,1.0,1.0,0.0905217222416,0.0,0.6153846153846153,37.195049829447385,4
16.0,88.0,5.5,-3494.7838689662112,1050.2569077789178,0.0723932461294043,7.276875569425521,0.7,True,0.0,1.0,1.0,0.0711576994524436,0.0,0.6153846153846153,36.80776937366426,4
16.0,89.0,5.5,-4462.291536060743,1146.874486495807,0.0568586897628101,7.276875569425521,0.7,True,0.0,1.0,1.0,0.055602451484137,0.0,0.6153846153846153,36.49666441429813,4
16.0,90.0,5.5,-3857.251807767297,1194.3682755142358,0.0504929938087713,7.276875569425521,0.7,True,0.0,1.0,1.0,0.0492282765982127,0.0,0.6153846153846153,36.36918091657965,4
16.0,91.0,5.5,-3483.9118813154537,1159.0316460730048,0.0551565863014752,7.276875569425521,0.7,True,0.0,1.0,1.0,0.0538980808678178,0.0,0.6153846153846153,36.46257700197175,4
16.0,92.0,5.5,-3368.291622593026,1133.116415565003,0.058848376136887,7.276875569425521,0.7,True,0.0,1.0,1.0,0.0575947880657263,0.0,0.6153846153846153,36.53651114592992,4
16.0,93.0,5.5,-3290.8051538261475,1117.2786647956025,0.0612251845419118,7.276875569425521,0.7,True,0.0,1.0,1.0,0.0599747623141587,0.0,0.6153846153846153,36.58411063089856,4
16.0,94.0,5.5,-4614.080146713654,1111.9492664455872,0.0620463764613552,7.276875569425521,0.7,True,0.0,1.0,1.0,0.0607970480386473,0.0,0.6153846153846153,36.600556345388334,4
16.0,95.0,5.5,-4060.019666571702,1117.2786647956025,0.0612251845419118,7.276875569425521,0.7,True,0.0,1.0,1.0,0.0599747623141587,0.0,0.6153846153846153,36.58411063089856,4
16.0,96.0,5.5,-3414.357626098232,1133.116415565003,0.058848376136887,7.276875569425521,0.875,True,0.0,1.0,1.0,0.0575947880657263,0.0,1.0,41.15189576131453,2
16.0,97.0,5.5,-3284.4371794689746,1159.0316460730048,0.0551565863014752,7.276875569425521,0.875,True,0.0,1.0,1.0,0.0538980808678178,0.0,1.0,41.077961617356365,2
16.0,98.0,5.5,-3377.0029510046443,1194.3682755142358,0.0504929938087713,7.276875569425521,0.875,True,0.0,1.0,1.0,0.0492282765982127,0.0,1.0,40.98456553196426,2
16.0,99.0,5.5,-3380.785464892123,1238.3196398944076,0.0452388476613147,7.276875569425521,0.875,True,0.0,1.0,1.0,0.0439671320726335,0.0,1.0,40.87934264145267,2
16.0,100.0,5.5,-3956.852459787068,1290.0050391606992,0.0397552807399458,7.276875569425521,0.875,True,0.0,1.0,1.0,0.0384762611909826,0.0,1.0,40.769525223819656,2
17.0,55.0,5.5,-3643.427515588373,596.178607714063,0.2252720447663901,7.276875569425521,0.75,True,0.0,1.0,1.0,0.2242401284433972,0.0,0.7252747252747253,41.18809927216465,4
17.0,56.0,5.5,-3418.470858642079,566.2933278509923,0.242747536629976,7.276875569425521,0.75,True,0.0,1.0,1.0,0.2417388971813809,0.0,0.7252747252747253,41.53807464692433,4
17.0,57.0,5.5,-3882.016503858948,555.9746332227936,0.2490911007269334,7.276875569425521,0.75,True,0.0,1.0,1.0,0.248090910731199,0.0,0.7252747252747253,41.66511491792069,4
17.0,58.0,5.5,-4408.946806904496,566.2933278509923,0.242747536629976,7.276875569425521,0.75,True,0.0,1.0,1.0,0.2417388971813809,0.0,0.7252747252747253,41.53807464692433,4
17.0,59.0,5.5,-4536.465831541345,565.7603354061159,0.2430712087331583,7.276875569425521,0.75,True,0.0,1.0,1.0,0.2420630004069001,0.0,0.7252747252747253,41.54455671143471,4
17.0,60.0,5.5,-4886.923201454146,555.9746332227936,0.2490911007269334,7.276875569425521,0.7,True,0.0,1.0,1.0,0.248090910731199,0.0,0.6153846153846153,40.34643359923937,4
17.0,61.0,5.5,-3435.2430376430943,565.7603354061159,0.2430712087331583,7.276875569425521,0.7,True,0.0,1.0,1.0,0.2420630004069001,0.0,0.6153846153846153,40.22587539275339,4
17.0,62.0,5.5,-3091.4643200752325,594.1508868881969,0.2264169162058874,7.276875569425521,0.7,True,0.0,1.0,1.0,0.2253865248201557,0.0,0.6153846153846153,39.89234588101851,4
17.0,63.0,5.5,-4763.569290156213,638.669107707037,0.2025693930786694,7.276875569425521,0.7,True,0.0,1.0,1.0,0.2015072374481964,0.0,0.6153846153846153,39.414760133579314,4
17.0,64.0,5.5,-4751.264691869026,696.2267915669026,0.1754209124568084,7.276875569425521,0.7,True,0.0,1.0,1.0,0.1743225957970233,0.0,0.6153846153846153,38.87106730055585,4
17.0,65.0,5.5,-3731.194490012249,763.880360215948,0.1481246839834811,7.276875569425521,0.7,True,0.0,1.0,1.0,0.1469900094983104,0.0,0.6153846153846153,38.32441557458159,4
17.0,66.0,5.5,-4549.1565522709325,839.1896300512622,0.1227047672498324,7.276875569425521,0.7,True,0.0,1.0,1.0,0.1215362341348944,0.0,0.6153846153846153,37.81534006731327,4
17.0,67.0,5.5,-3444.37142809159,920.2748011947313,0.1001899892520319,7.276875569425521,0.7,True,0.0,1.0,1.0,0.0989914670722001,0.0,0.6153846153846153,37.36444472605939,4
17.0,68.0,5.5,-4601.292363259608,1005.7374127449468,0.0809160135598497,7.276875569425521,0.7,True,0.0,1.0,1.0,0.0796918189746383,0.0,0.6153846153846153,36.97845176410816,4
17.0,69.0,5.5,-4128.302467316649,1094.5499940864063,0.0648048401191843,7.276875569425521,0.7,True,0.0,1.0,1.0,0.0635591858941811,0.0,0.6153846153846153,36.65579910249901,4
17.0,70.0,5.5,-4867.008591204801,1005.7295581227456,0.0809176024872415,7.276875569425521,0.7,True,0.0,1.0,1.0,0.0796934100184377,0.0,0.6153846153846153,36.97848358498414,4
17.0,85.0,5.5,-4731.161915753391,715.1361767402799,0.1673211194678157,7.276875569425521,0.7,True,0.0,1.0,1.0,0.166212014106601,0.0,0.6153846153846153,38.70885566674741,4
17.0,86.0,5.5,-3115.1439857861915,809.874641527129,0.132035216037064,7.276875569425521,0.7,True,0.0,1.0,1.0,0.1308791108232226,0.0,0.6153846153846153,38.00219760107984,4
17.0,87.0,5.5,-4068.163509282418,906.9671357229822,0.103579293449974,7.276875569425521,0.7,True,0.0,1.0,1.0,0.1023852857300915,0.0,0.6153846153846153,37.43232109921722,4
17.0,88.0,5.5,-4319.992227871792,1005.7295581227456,0.0809176024872415,7.276875569425521,0.7,True,0.0,1.0,1.0,0.0796934100184377,0.0,0.6153846153846153,36.97848358498414,4
17.0,89.0,5.5,-3353.5769644698803,1105.711876221033,0.0630214779686995,7.276875569425521,0.7,True,0.0,1.0,1.0,0.0617734483543735,0.0,0.6153846153846153,36.62008435170286,4
17.0,90.0,5.5,-3877.494621268933,1206.608159159142,0.0489713229605417,7.276875569425521,0.7,True,0.0,1.0,1.0,0.0477045789262756,0.0,0.6153846153846153,36.3387069631409,4
17.0,91.0,5.5,-3602.258443349408,1265.9254208632628,0.0422220132835294,7.276875569425521,0.7,True,0.0,1.0,1.0,0.0409462793544524,0.0,0.6153846153846153,36.20354097170444,4
17.0,92.0,5.5,-3388.272806207288,1242.340062217854,0.0447864269404728,7.276875569425521,0.7,True,0.0,1.0,1.0,0.0435141087398379,0.0,0.6153846153846153,36.25489755941215,4
17.0,93.0,5.5,-4842.937554097185,1227.9713075023906,0.046424484824048,7.276875569425521,0.7,True,0.0,1.0,1.0,0.0451543484714498,0.0,0.6153846153846153,36.287702354044384,4
17.0,94.0,5.5,-4381.77317887899,1223.144193090146,0.046988119645468,7.276875569425521,0.7,True,0.0,1.0,1.0,0.0457187340389458,0.0,0.6153846153846153,36.29899006539431,4
17.0,95.0,5.5,-3374.943749324917,1227.9713075023906,0.046424484824048,7.276875569425521,0.7,True,0.0,1.0,1.0,0.0451543484714498,0.0,0.6153846153846153,36.287702354044384,4
17.0,96.0,5.5,-4789.110633625727,1242.340062217854,0.0447864269404728,7.276875569425521,0.875,True,0.0,1.0,1.0,0.0435141087398379,0.0,1.0,40.87028217479676,2
17.0,97.0,5.5,-4983.548504142304,1265.9254208632628,0.0422220132835294,7.276875569425521,0.875,True,0.0,1.0,1.0,0.0409462793544524,0.0,1.0,40.81892558708905,2
17.0,98.0,5.5,-3262.8673908600185,1298.224872946811,0.0389466630743695,7.276875569425521,0.875,True,0.0,1.0,1.0,0.0376665664689215,0.0,1.0,40.75333132937843,2
17.0,99.0,5.5,-4988.960473340323,1338.6073920091378,0.0352067138559051,7.276875569425521,0.875,True,0.0,1.0,1.0,0.033921635740987,0.0,1.0,40.67843271481975,2
17.0,100.0,5.5,-3441.4761765585667,1386.36634206807,0.0312443769943752,7.276875569425521,0.875,True,0.0,1.0,1.0,0.0299540211557646,0.0,1.0,40.599080423115296,2
18.0,55.0,5.5,-4919.734768831916,686.0049493856279,0.1799614939522564,7.276875569425521,0.75,True,0.0,1.0,1.0,0.1788692252221083,0.0,0.7252747252747253,40.28068120773887,4
18.0,56.0,5.5,-3727.218867343938,610.2531448478276,0.2174833763129206,7.276875569425521,0.75,True,0.0,1.0,1.0,0.2164410856978202,0.0,0.7252747252747253,41.03211841725311,4
18.0,57.0,5.5,-3707.052278317519,544.088444151939,0.2566040328652563,7.276875569425521,0.75,True,0.0,1.0,1.0,0.2556138498884434,0.0,0.7252747252747253,41.81557370106558,4
18.0,58.0,5.5,-3457.8437479888853,491.4015920652679,0.2927301804248053,7.276875569425521,0.75,True,0.0,1.0,1.0,0.2917881164826829,0.0,0.7252747252747253,42.53905903295036,4
18.0,59.0,5.5,-3378.647830052713,456.88151539058055,0.3191149844011869,7.276875569425521,0.75,True,0.0,1.0,1.0,0.3182080642920942,0.0,0.7252747252747253,43.06745798913859,4
18.0,60.0,5.5,-3354.024280239475,444.7797065782349,0.3289171885465591,7.276875569425521,0.7,True,0.0,1.0,1.0,0.3280233247037216,0.0,0.6153846153846153,41.94508187868982,4
18.0,61.0,5.5,-4670.401020607198,456.88151539058055,0.3191149844011869,7.276875569425521,0.7,True,0.0,1.0,1.0,0.3182080642920942,0.0,0.6153846153846153,41.74877667045728,4
18.0,62.0,5.5,-4218.621230256309,491.4015920652679,0.2927301804248053,7.276875569425521,0.7,True,0.0,1.0,1.0,0.2917881164826829,0.0,0.6153846153846153,41.22037771426905,4
18.0,63.0,5.5,-4528.360004471109,544.088444151939,0.2566040328652563,7.276875569425521,0.7,True,0.0,1.0,1.0,0.2556138498884434,0.0,0.6153846153846153,40.49689238238426,4
18.0,64.0,5.5,-3333.6487273934517,610.2531448478276,0.2174833763129206,7.276875569425521,0.7,True,0.0,1.0,1.0,0.2164410856978202,0.0,0.6153846153846153,39.71343709857179,4
18.0,65.0,5.5,-4747.898516552509,686.0049493856279,0.1799614939522564,7.276875569425521,0.7,True,0.0,1.0,1.0,0.1788692252221083,0.0,0.6153846153846153,38.96199988905755,4
18.0,66.0,5.5,-4168.187079612158,768.5118015452113,0.1464194979121285,7.276875569425521,0.7,True,0.0,1.0,1.0,0.1452825521660217,0.0,0.6153846153846153,38.29026642793582,4
18.0,67.0,5.5,-3861.193681210105,855.8197207314696,0.1177078817957181,7.276875569425521,0.7,True,0.0,1.0,1.0,0.1165326929668235,0.0,0.6153846153846153,37.71526924395186,4
18.0,68.0,5.5,-4828.522621822055,946.5984969287506,0.0938088345608058,7.276875569425521,0.7,True,0.0,1.0,1.0,0.092601812858476,0.0,0.6153846153846153,37.23665164178491,4
18.0,69.0,5.5,-4064.498470598018,1039.936759182822,0.074285321947116,7.276875569425521,0.7,True,0.0,1.0,1.0,0.073052295463092,0.0,0.6153846153846153,36.84566129387722,4
18.0,70.0,5.5,-4780.65157323071,971.8503117670332,0.0880697839422897,7.276875569425521,0.7,True,0.0,1.0,1.0,0.0868551179824218,0.0,0.6153846153846153,37.12171774426382,4
18.0,85.0,5.5,-4381.850493873119,668.8043610913936,0.1878688994559625,7.276875569425521,0.7,True,0.0,1.0,1.0,0.1867871631724063,0.0,0.6153846153846153,39.12035864806352,4
18.0,86.0,5.5,-3722.874267660305,768.729767564172,0.1463397334588823,7.276875569425521,0.7,True,0.0,1.0,1.0,0.1452026814687181,0.0,0.6153846153846153,38.28866901398976,4
18.0,87.0,5.5,-3368.549040651414,869.8726951108308,0.1136443166086364,7.276875569425521,0.7,True,0.0,1.0,1.0,0.1124637152227045,0.0,0.6153846153846153,37.63388968906948,4
18.0,88.0,5.5,-4198.541542246475,971.8503117670332,0.0880697839422897,7.276875569425521,0.7,True,0.0,1.0,1.0,0.0868551179824218,0.0,0.6153846153846153,37.12171774426382,4
18.0,89.0,5.5,-3572.889394880174,1074.4221220120774,0.068149237801673,7.276875569425521,0.7,True,0.0,1.0,1.0,0.0669080382223758,0.0,0.6153846153846153,36.7227761490629,4
18.0,90.0,5.5,-4475.143003888407,1177.429931841345,0.052677080160415,7.276875569425521,0.7,True,0.0,1.0,1.0,0.0514152720927909,0.0,0.6153846153846153,36.41292082647121,4
18.0,91.0,5.5,-4609.682345232395,1280.7655779697943,0.0406842619770928,7.276875569425521,0.7,True,0.0,1.0,1.0,0.0394064798055804,0.0,0.6153846153846153,36.172744980727,4
18.0,92.0,5.5,-3215.972834781983,1351.8814260286956,0.0340575490854862,7.276875569425521,0.7,True,0.0,1.0,1.0,0.0327709403147083,0.0,0.6153846153846153,36.04003419090955,4
18.0,93.0,5.5,-3465.8545113140244,1338.74626131868,0.0351944931472685,7.276875569425521,0.7,True,0.0,1.0,1.0,0.0339093987547027,0.0,0.6153846153846153,36.06280335970944,4
18.0,94.0,5.5,-3752.095656368832,1334.3391197347048,0.0355844049844226,7.276875569425521,0.7,True,0.0,1.0,1.0,0.0342998299436971,0.0,0.6153846153846153,36.07061198348933,4
18.0,95.0,5.5,-3136.837278178394,1338.74626131868,0.0351944931472685,7.276875569425521,0.7,True,0.0,1.0,1.0,0.0339093987547027,0.0,0.6153846153846153,36.06280335970944,4
18.0,96.0,5.5,-3211.3983485014314,1351.8814260286956,0.0340575490854862,7.276875569425521,0.875,True,0.0,1.0,1.0,0.0327709403147083,0.0,1.0,40.65541880629417,2
18.0,97.0,5.5,-3002.2992063908937,1373.4940559520494,0.0322661966572895,7.276875569425521,0.875,True,0.0,1.0,1.0,0.0309772018543587,0.0,1.0,40.61954403708718,2
18.0,98.0,5.5,-4428.9271361477695,1403.1921998529417,0.0299573522731987,7.276875569425521,0.875,True,0.0,1.0,1.0,0.0286652821530665,0.0,1.0,40.57330564306134,2
18.0,99.0,5.5,-3637.420290877699,1440.4754619572848,0.0272912632661088,7.276875569425521,0.875,True,0.0,1.0,1.0,0.0259956419887654,0.0,1.0,40.51991283977532,2
18.0,100.0,5.5,-4910.241703666142,1484.7720712678906,0.024430322857843,7.276875569425521,0.875,True,0.0,1.0,1.0,0.0231308908865825,0.0,1.0,40.462617817731655,2
19.0,55.0,5.5,-3283.3731803405044,618.358246616227,0.2131209111090314,7.276875569425521,0.75,True,0.0,1.0,1.0,0.2120728098102943,0.0,0.7252747252747253,40.94475289950259,4
19.0,56.0,5.5,-3865.790601289609,533.6478906786755,0.2633899285605011,7.276875569425521,0.75,True,0.0,1.0,1.0,0.2624087842100689,0.0,0.7252747252747253,41.951472387498086,4
19.0,57.0,5.5,-3817.742530611528,457.0288808661287,0.3189974397264731,7.276875569425521,0.75,True,0.0,1.0,1.0,0.3180903630511074,0.0,0.7252747252747253,43.06510396431885,4
19.0,58.0,5.5,-3845.129525362802,393.2629462630704,0.374127973239906,7.276875569425521,0.75,True,0.0,1.0,1.0,0.3732943289184956,0.0,0.7252747252747253,44.16918328166662,1
19.0,59.0,5.5,-4082.967515756529,349.461216274361,0.4174238941847069,7.276875569425521,0.75,True,0.0,1.0,1.0,0.41664791883889,0.0,0.7252747252747253,45.0362550800745,1
19.0,60.0,5.5,-4957.812225172474,333.5847799336762,0.4343250987516106,7.276875569425521,0.7,True,0.0,1.0,1.0,0.4335716353453113,0.0,0.6153846153846153,44.05604809152162,1
19.0,61.0,5.5,-4981.90737389406,349.461216274361,0.4174238941847069,7.276875569425521,0.7,True,0.0,1.0,1.0,0.41664791883889,0.0,0.6153846153846153,43.71757376139318,1
19.0,62.0,5.5,-3056.301332619258,393.2629462630704,0.374127973239906,7.276875569425521,0.7,True,0.0,1.0,1.0,0.3732943289184956,0.0,0.6153846153846153,42.8505019629853,4
19.0,63.0,5.5,-3923.7320031828704,457.0288808661287,0.3189974397264731,7.276875569425521,0.7,True,0.0,1.0,1.0,0.3180903630511074,0.0,0.6153846153846153,41.74642264563753,4
19.0,64.0,5.5,-4856.7374647261495,533.6478906786755,0.2633899285605011,7.276875569425521,0.7,True,0.0,1.0,1.0,0.2624087842100689,0.0,0.6153846153846153,40.632791068816765,4
19.0,65.0,5.5,-3691.814463642392,618.358246616227,0.2131209111090314,7.276875569425521,0.7,True,0.0,1.0,1.0,0.2120728098102943,0.0,0.6153846153846153,39.62607158082127,4
19.0,66.0,5.5,-3548.2459164137,708.2600426239196,0.1702222902188677,7.276875569425521,0.7,True,0.0,1.0,1.0,0.1691170491372799,0.0,0.6153846153846153,38.76695636736098,4
19.0,67.0,5.5,-4014.154110230013,801.6056966711395,0.1347931036501699,7.276875569425521,0.7,True,0.0,1.0,1.0,0.1336406718667575,0.0,0.6153846153846153,38.05742882195054,4
19.0,68.0,5.5,-4883.687621516802,897.3181347039434,0.1061082651514178,7.276875569425521,0.7,True,0.0,1.0,1.0,0.1049176259522676,0.0,0.6153846153846153,37.48296790366074,4
19.0,69.0,5.5,-3612.08019985099,994.711307932728,0.0831775108620653,7.276875569425521,0.7,True,0.0,1.0,1.0,0.0819563285290448,0.0,0.6153846153846153,37.02374195519628,4
19.0,70.0,5.5,-3091.643799394872,949.7594140147688,0.0930704509948214,7.276875569425521,0.7,True,0.0,1.0,1.0,0.0918624457858952,0.0,0.6153846153846153,37.22186430033329,4
19.0,85.0,5.5,-3288.4146146469325,638.6137627546169,0.2025974230013223,7.276875569425521,0.7,True,0.0,1.0,1.0,0.2015353047059352,0.0,0.6153846153846153,39.41532147873409,4
19.0,86.0,5.5,-3133.482334005331,742.0335990989388,0.1564398015321251,7.276875569425521,0.7,True,0.0,1.0,1.0,0.1553162025547737,0.0,0.6153846153846153,38.490939435710864,4
19.0,87.0,5.5,-4076.6565395143502,845.7861488546149,0.1206978007142101,7.276875569425521,0.7,True,0.0,1.0,1.0,0.1195265943750599,0.0,0.6153846153846153,37.77514727211658,4
19.0,88.0,5.5,-3656.6162738091816,949.7594140147688,0.0930704509948214,7.276875569425521,0.7,True,0.0,1.0,1.0,0.0918624457858952,0.0,0.6153846153846153,37.22186430033329,4
19.0,89.0,5.5,-3692.376686074248,1053.885034793579,0.0717395853363977,7.276875569425521,0.7,True,0.0,1.0,1.0,0.0705031680012435,0.0,0.6153846153846153,36.79467874464026,4
19.0,90.0,5.5,-3451.6303523950905,1158.1188219087412,0.0552826006950021,7.276875569425521,0.7,True,0.0,1.0,1.0,0.0540242631090501,0.0,0.6153846153846153,36.46510064679639,4
19.0,91.0,5.5,-3756.0068441351305,1262.4308362692916,0.0425925002926678,7.276875569425521,0.7,True,0.0,1.0,1.0,0.0413172598420947,0.0,0.6153846153846153,36.21096058145728,4
19.0,92.0,5.5,-4621.22187804266,1366.799974991536,0.0328107216484748,7.276875569425521,0.7,True,0.0,1.0,1.0,0.031522452137852,0.0,0.6153846153846153,36.01506442737243,4
19.0,93.0,5.5,-3011.4861571760857,1449.58465366792,0.0266767832199854,7.276875569425521,0.7,True,0.0,1.0,1.0,0.0253803434721253,0.0,0.6153846153846153,35.89222225405789,4
19.0,94.0,5.5,-4192.434028339104,1445.5340463792636,0.0269482985837577,7.276875569425521,0.7,True,0.0,1.0,1.0,0.0256522204868926,0.0,0.6153846153846153,35.89765979435324,4
19.0,95.0,5.5,-3300.771988801159,1449.58465366792,0.0266767832199854,7.276875569425521,0.7,True,0.0,1.0,1.0,0.0253803434721253,0.0,0.6153846153846153,35.89222225405789,4
19.0,96.0,5.5,-4612.955794288429,1461.6690673356304,0.0258829023720825,7.276875569425521,0.875,True,0.0,1.0,1.0,0.0245854051967734,0.0,1.0,40.49170810393547,2
19.0,97.0,5.5,-3639.760650040916,1481.5905454821884,0.0246254119358263,7.276875569425521,0.875,True,0.0,1.0,1.0,0.0233262398178506,0.0,1.0,40.46652479635702,2
19.0,98.0,5.5,-3499.9346116152547,1509.0384525428658,0.0229922947199735,7.276875569425521,0.875,True,0.0,1.0,1.0,0.0216909473347947,0.0,1.0,40.4338189466959,2
19.0,99.0,5.5,-4788.353918430377,1543.6109527551905,0.0210885006092093,7.276875569425521,0.875,True,0.0,1.0,1.0,0.0197846174226498,0.0,1.0,40.395692348453,2
19.0,100.0,5.5,-3738.837281279046,1584.8413657270792,0.0190230588054805,7.276875569425521,0.875,True,0.0,1.0,1.0,0.0177164245072604,0.0,1.0,40.35432849014521,2
20.0,55.0,5.5,-3462.1828031659606,564.6287660906944,0.2437598120801128,7.276875569425521,0.75,True,0.0,1.0,1.0,0.2427525209545688,0.0,0.7252747252747253,41.558347122388085,4
20.0,56.0,5.5,-4910.101160868168,471.0045503777058,0.3080443921786288,7.276875569425521,0.75,True,0.0,1.0,1.0,0.3071227263452563,0.0,0.7252747252747253,42.84575123020184,4
20.0,57.0,5.5,-4334.418048929907,382.6587703411542,0.3841789090726821,7.276875569425521,0.75,True,0.0,1.0,1.0,0.3833586523212918,0.0,0.7252747252747253,44.37046974972254,1
20.0,58.0,5.5,-4487.986224246355,304.23008472173115,0.4673974971138457,7.276875569425521,0.75,True,0.0,1.0,1.0,0.4666880852323171,0.0,0.7252747252747253,46.03705840794305,1
20.0,59.0,5.5,-3228.585419648928,245.4221397673629,0.5414224969278398,7.276875569425521,0.75,True,0.0,1.0,1.0,0.5408116843095773,0.0,0.7252747252747253,47.51953038948825,1
20.0,60.0,5.5,-3181.9333352172425,222.38985328911747,0.5735130238682982,7.276875569425521,0.7,True,0.0,1.0,1.0,0.5729449549490846,0.0,0.6153846153846153,46.84351448359708,1
20.0,61.0,5.5,-4433.439959125916,245.4221397673629,0.5414224969278398,7.276875569425521,0.7,True,0.0,1.0,1.0,0.5408116843095773,0.0,0.6153846153846153,46.20084907080693,1
20.0,62.0,5.5,-3596.247823362454,304.23008472173115,0.4673974971138457,7.276875569425521,0.7,True,0.0,1.0,1.0,0.4666880852323171,0.0,0.6153846153846153,44.71837708926173,1
20.0,63.0,5.5,-3438.60568863228,382.6587703411542,0.3841789090726821,7.276875569425521,0.7,True,0.0,1.0,1.0,0.3833586523212918,0.0,0.6153846153846153,43.05178843104122,4
20.0,64.0,5.5,-4436.657184386458,471.0045503777058,0.3080443921786288,7.276875569425521,0.7,True,0.0,1.0,1.0,0.3071227263452563,0.0,0.6153846153846153,41.52706991152051,4
20.0,65.0,5.5,-3247.439660128507,564.6287660906944,0.2437598120801128,7.276875569425521,0.7,True,0.0,1.0,1.0,0.2427525209545688,0.0,0.6153846153846153,40.23966580370677,4
20.0,66.0,5.5,-4443.586637930535,661.290405274045,0.1914313513567406,7.276875569425521,0.7,True,0.0,1.0,1.0,0.1903543601611103,0.0,0.6153846153846153,39.1917025878376,4
20.0,67.0,5.5,-3742.370748823848,759.8280721970202,0.1496329205508719,7.276875569425521,0.7,True,0.0,1.0,1.0,0.1485002549953161,0.0,0.6153846153846153,38.3546204845217,4
20.0,68.0,5.5,-4845.988203949621,859.5936417797956,0.1166025536398184,7.276875569425521,0.7,True,0.0,1.0,1.0,0.1154258925442286,0.0,0.6153846153846153,37.69313323549996,4
20.0,69.0,5.5,-3540.976518600416,960.2011340491688,0.0906723485830039,7.276875569425521,0.7,True,0.0,1.0,1.0,0.0894611491676389,0.0,0.6153846153846153,37.173838367968166,4
20.0,70.0,5.5,-4596.560778666954,940.2881300418388,0.0953004901498771,7.276875569425521,0.7,True,0.0,1.0,1.0,0.0940954552917552,0.0,0.6153846153846153,37.26652449045049,4
20.0,85.0,5.5,-3904.989035900171,626.9007705130357,0.2086176921439438,7.276875569425521,0.7,True,0.0,1.0,1.0,0.2075635926814323,0.0,0.6153846153846153,39.53588723824403,4
20.0,86.0,5.5,-4815.939160605596,731.37008292963,0.1606663849018555,7.276875569425521,0.7,True,0.0,1.0,1.0,0.1595484156172759,0.0,0.6153846153846153,38.575583696960905,4
20.0,87.0,5.5,-4553.3606538048525,835.8328510425696,0.1237388320574169,7.276875569425521,0.7,True,0.0,1.0,1.0,0.1225716762883546,0.0,0.6153846153846153,37.83604891038248,4
20.0,88.0,5.5,-3940.164743670956,940.2881300418388,0.0953004901498771,7.276875569425521,0.7,True,0.0,1.0,1.0,0.0940954552917552,0.0,0.6153846153846153,37.26652449045049,4
20.0,89.0,5.5,-4644.05855338712,1044.7349711320962,0.0733995534013653,7.276875569425521,0.7,True,0.0,1.0,1.0,0.0721653470980066,0.0,0.6153846153846153,36.82792232657552,4
20.0,90.0,5.5,-3441.7140779196257,1149.172421020988,0.0565329823607893,7.276875569425521,0.7,True,0.0,1.0,1.0,0.0552763102488172,0.0,0.6153846153846153,36.49014158959173,4
20.0,91.0,5.5,-3118.735759660526,1253.5995214026443,0.0435433274395329,7.276875569425521,0.7,True,0.0,1.0,1.0,0.0422693534645614,0.0,0.6153846153846153,36.23000245390661,4
20.0,92.0,5.5,-4289.033865208487,1358.0153084357842,0.033539270563162,7.276875569425521,0.7,True,0.0,1.0,1.0,0.0322519714596507,0.0,0.6153846153846153,36.029654813808406,4
20.0,93.0,5.5,-3940.867885501899,1462.4188122158555,0.0258344338761838,7.276875569425521,0.7,True,0.0,1.0,1.0,0.0245368721421716,0.0,0.6153846153846153,35.87535282745882,4
20.0,94.0,5.5,-4052.0876725191256,1556.7289730238222,0.0204081197051703,7.276875569425521,0.7,True,0.0,1.0,1.0,0.0191033302699645,0.0,0.6153846153846153,35.766681990014675,4
20.0,95.0,5.5,-4610.948488661383,1560.4729642562922,0.0202179913388035,7.276875569425521,0.7,True,0.0,1.0,1.0,0.0189129486578442,0.0,0.6153846153846153,35.76287435777228,4
20.0,96.0,5.5,-3647.384544428411,1571.6513660295689,0.0196608011453824,7.276875569425521,0.875,True,0.0,1.0,1.0,0.0183550163024142,0.0,1.0,40.36710032604829,2
20.0,97.0,5.5,-4405.88381826841,1590.1072195910128,0.0187742683967085,7.276875569425521,0.875,True,0.0,1.0,1.0,0.0174673027165083,0.0,1.0,40.34934605433017,2
20.0,98.0,5.5,-3929.84903918311,1615.590852210777,0.0176154815418828,7.276875569425521,0.875,True,0.0,1.0,1.0,0.0163069723894711,0.0,1.0,40.32613944778943,2
20.0,99.0,5.5,-3935.814621137368,1647.7758366974524,0.0162536205532955,7.276875569425521,0.875,True,0.0,1.0,1.0,0.0149432974395129,0.0,1.0,40.29886594879026,2
20.0,100.0,5.5,-4675.09588034616,1686.2780049178964,0.0147620583888376,7.276875569425521,0.875,True,0.0,1.0,1.0,0.013449748555286,0.0,1.0,40.26899497110573,2
21.0,55.0,5.5,-3298.3166958071088,529.0737107962863,0.2664191983615704,7.276875569425521,0.75,True,0.0,1.0,1.0,0.2654420889151757,0.0,0.7252747252747253,42.01213848160022,4
21.0,56.0,5.5,-3196.520078662704,428.49103607809735,0.342587701873204,7.276875569425521,0.75,True,0.0,1.0,1.0,0.3417120467780309,0.0,0.7252747252747253,43.53753763885733,1
21.0,57.0,5.5,-4062.365367984199,329.6805374144018,0.4385851314762113,7.276875569425521,0.75,True,0.0,1.0,1.0,0.4378373423163043,0.0,0.7252747252747253,45.46004354962279,1
21.0,58.0,5.5,-3156.461684752657,234.89599531067915,0.5558593478224005,7.276875569425521,0.75,True,0.0,1.0,1.0,0.5552677646923604,0.0,0.7252747252747253,47.80865199714391,1
21.0,59.0,5.5,-4475.406885784812,151.879476716319,0.6840674933147651,7.276875569425521,0.75,True,0.0,1.0,1.0,0.6836466799074133,0.0,0.7252747252747253,50.37623030144497,1
21.0,60.0,5.5,-3176.0410160144165,111.19492664455872,0.7573064266651235,7.276875569425521,0.7,True,0.0,1.0,1.0,0.7569831655021334,0.0,0.6153846153846153,50.52427869465805,1
21.0,61.0,5.5,-3025.761578810743,151.879476716319,0.6840674933147651,7.276875569425521,0.7,True,0.0,1.0,1.0,0.6836466799074133,0.0,0.6153846153846153,49.057548982763656,1
21.0,62.0,5.5,-4136.040158495352,234.89599531067915,0.5558593478224005,7.276875569425521,0.7,True,0.0,1.0,1.0,0.5552677646923604,0.0,0.6153846153846153,46.4899706784626,1
21.0,63.0,5.5,-4617.817636641064,329.6805374144018,0.4385851314762113,7.276875569425521,0.7,True,0.0,1.0,1.0,0.4378373423163043,0.0,0.6153846153846153,44.14136223094148,1
21.0,64.0,5.5,-3005.219975375388,428.49103607809735,0.342587701873204,7.276875569425521,0.7,True,0.0,1.0,1.0,0.3417120467780309,0.0,0.6153846153846153,42.21885632017601,4
21.0,65.0,5.5,-3804.487267305435,529.0737107962863,0.2664191983615704,7.276875569425521,0.7,True,0.0,1.0,1.0,0.2654420889151757,0.0,0.6153846153846153,40.6934571629189,4
21.0,66.0,5.5,-4764.837713520188,630.5779688986637,0.2067086588542296,7.276875569425521,0.7,True,0.0,1.0,1.0,0.2056520166118952,0.0,0.6153846153846153,39.497655716853295,4
21.0,67.0,5.5,-4827.43500279554,732.6175548196045,0.1601660984269153,7.276875569425521,0.7,True,0.0,1.0,1.0,0.1590474627745143,0.0,0.6153846153846153,38.56556464010567,4
21.0,68.0,5.5,-3922.591891685166,834.9928066860156,0.1239989703903702,7.276875569425521,0.7,True,0.0,1.0,1.0,0.1228321611184108,0.0,0.6153846153846153,37.8412586069836,4
21.0,69.0,5.5,-4552.021375006498,937.5902488829028,0.0959454361816577,7.276875569425521,0.7,True,0.0,1.0,1.0,0.0947412603739073,0.0,0.6153846153846153,37.27944059209353,4
21.0,70.0,5.5,-3582.294278486389,943.8164700838304,0.0944635554756239,7.276875569425521,0.7,True,0.0,1.0,1.0,0.0932574058435407,0.0,0.6153846153846153,37.2497635014862,4
21.0,85.0,5.5,-3434.894445952252,634.6892147801617,0.2045949645519718,7.276875569425521,0.7,True,0.0,1.0,1.0,0.2035355069269762,0.0,0.6153846153846153,39.45532552315491,4
21.0,86.0,5.5,-3744.005415294737,737.4350686154498,0.1582486622264971,7.276875569425521,0.7,True,0.0,1.0,1.0,0.1571274726018274,0.0,0.6153846153846153,38.527164836651934,4
21.0,87.0,5.5,-4754.559922002175,840.5150593605812,0.1222988489040653,7.276875569425521,0.7,True,0.0,1.0,1.0,0.1211297751170579,0.0,0.6153846153846153,37.80721088695655,4
21.0,88.0,5.5,-4834.31975919035,943.8164700838304,0.0944635554756239,7.276875569425521,0.7,True,0.0,1.0,1.0,0.0932574058435407,0.0,0.6153846153846153,37.2497635014862,4
21.0,89.0,5.5,-4383.282319252895,1047.2704609503396,0.0729357653159379,7.276875569425521,0.7,True,0.0,1.0,1.0,0.0717009412596086,0.0,0.6153846153846153,36.81863420980756,4
21.0,90.0,5.5,-3652.723110100237,1150.832499490685,0.0562988455865162,7.276875569425521,0.7,True,0.0,1.0,1.0,0.055041861610802,0.0,0.6153846153846153,36.485452616831424,4
21.0,91.0,5.5,-4306.709147842181,1254.472385905207,0.0434484124749626,7.276875569425521,0.7,True,0.0,1.0,1.0,0.0421743120758694,0.0,0.6153846153846153,36.228101626132776,4
21.0,92.0,5.5,-4479.071044690064,1358.168808461554,0.0335264023351722,7.276875569425521,0.7,True,0.0,1.0,1.0,0.0322390860915352,0.0,0.6153846153846153,36.02939710644609,4
21.0,93.0,5.5,-4709.577673279945,1461.9062008913654,0.0258675626578025,7.276875569425521,0.7,True,0.0,1.0,1.0,0.0245700450504159,0.0,0.6153846153846153,35.876016285623706,4
21.0,94.0,5.5,-4251.249597239551,1565.672842315889,0.0199568645763799,7.276875569425521,0.7,True,0.0,1.0,1.0,0.0186514740817568,0.0,0.6153846153846153,35.75764486625053,4
21.0,95.0,5.5,-4716.953349084425,1669.459662505385,0.0153959751708473,7.276875569425521,0.7,True,0.0,1.0,1.0,0.0140845096970097,0.0,0.6153846153846153,35.66630557855559,4
21.0,96.0,5.5,-3000.3070503033155,1681.7901231446183,0.014928616942437,7.276875569425521,0.875,True,0.0,1.0,1.0,0.0136165289602966,0.0,1.0,40.272330579205935,2
21.0,97.0,5.5,-3331.831307039574,1698.96354354914,0.0143012424786352,7.276875569425521,0.875,True,0.0,1.0,1.0,0.0129883188509686,0.0,1.0,40.259766377019375,2
21.0,98.0,5.5,-3751.951632873348,1722.7183365958902,0.0134766618488648,7.276875569425521,0.875,True,0.0,1.0,1.0,0.0121626399024843,0.0,1.0,40.24325279804969,2
21.0,99.0,5.5,-4053.0741386807777,1752.7865389265753,0.0125007536146845,7.276875569425521,0.875,True,0.0,1.0,1.0,0.011185431785384,0.0,1.0,40.22370863570768,2
21.0,100.0,5.5,-4354.966954039146,1788.8493142359423,0.0114230357156699,7.276875569425521,0.875,True,0.0,1.0,1.0,0.0101062783957768,0.0,1.0,40.20212556791554,2
22.0,55.0,5.5,-4979.117302856658,515.4677349125753,0.2756373194723844,7.276875569425521,0.75,True,0.0,1.0,1.0,0.2746724883097114,0.0,0.7252747252747253,42.19674646949094,4
22.0,56.0,5.5,-4293.152699311183,412.3808055914365,0.3566672466840725,7.276875569425521,0.75,True,0.0,1.0,1.0,0.3558103451552482,0.0,0.7252747252747253,43.81950360640168,1
22.0,57.0,5.5,-4201.615360495605,309.2894629113611,0.4615228760885754,7.276875569425521,0.75,True,0.0,1.0,1.0,0.4608056393734566,0.0,0.7252747252747253,45.91940949076584,1
22.0,58.0,5.5,-3711.6875497230217,206.194812193228,0.5972096644666829,7.276875569425521,0.75,True,0.0,1.0,1.0,0.596673158820833,0.0,0.7252747252747253,48.63675987971337,1
22.0,59.0,5.5,-4936.639993234348,103.09795705921697,0.7727923519730204,7.276875569425521,0.75,True,0.0,1.0,1.0,0.7724897176365104,0.0,0.7252747252747253,52.15309105602691,1
22.0,60.0,5.5,-3767.945311028564,0.0,1.0,7.276875569425521,0.7,True,0.0,1.0,1.0,1.0,0.0,0.6153846153846153,55.38461538461539,1
22.0,61.0,5.5,-4068.32430175421,103.09795705921697,0.7727923519730204,7.276875569425521,0.7,True,0.0,1.0,1.0,0.7724897176365104,0.0,0.6153846153846153,50.83440973734559,1
22.0,62.0,5.5,-4068.023020751444,206.194812193228,0.5972096644666829,7.276875569425521,0.7,True,0.0,1.0,1.0,0.596673158820833,0.0,0.6153846153846153,47.318078561032046,1
22.0,63.0,5.5,-3836.0333092430983,309.2894629113611,0.4615228760885754,7.276875569425521,0.7,True,0.0,1.0,1.0,0.4608056393734566,0.0,0.6153846153846153,44.60072817208452,1
22.0,64.0,5.5,-4243.129879746237,412.3808055914365,0.3566672466840725,7.276875569425521,0.7,True,0.0,1.0,1.0,0.3558103451552482,0.0,0.6153846153846153,42.500822287720354,4
22.0,65.0,5.5,-3810.3250942716886,515.4677349125753,0.2756373194723844,7.276875569425521,0.7,True,0.0,1.0,1.0,0.2746724883097114,0.0,0.6153846153846153,40.87806515080962,4
22.0,66.0,5.5,-4720.005565546886,618.5491432862786,0.2130192251947167,7.276875569425521,0.7,True,0.0,1.0,1.0,0.2119709884531392,0.0,0.6153846153846153,39.62403515367817,4
22.0,67.0,5.5,-4418.679316675321,721.6239202851992,0.164629168062376,7.276875569425521,0.7,True,0.0,1.0,1.0,0.163516477095947,0.0,0.6153846153846153,38.65494492653433,4
22.0,68.0,5.5,-3857.928346547618,824.6909520690183,0.1272339984761424,7.276875569425521,0.7,True,0.0,1.0,1.0,0.1260714981725951,0.0,0.6153846153846153,37.90604534806729,4
22.0,69.0,5.5,-4029.400324372477,927.7491208068436,0.0983352419323651,7.276875569425521,0.7,True,0.0,1.0,1.0,0.0971342492801291,0.0,0.6153846153846153,37.32730037021797,4
22.0,70.0,5.5,-3074.2418954522536,960.2011340491688,0.0906723485830039,7.276875569425521,0.7,True,0.0,1.0,1.0,0.0894611491676389,0.0,0.6153846153846153,37.173838367968166,4
22.0,85.0,5.5,-3101.0879101468404,661.290405274045,0.1914313513567406,7.276875569425521,0.7,True,0.0,1.0,1.0,0.1903543601611103,0.0,0.6153846153846153,39.1917025878376,4
22.0,86.0,5.5,-3492.8706919441875,759.8280721970202,0.1496329205508719,7.276875569425521,0.7,True,0.0,1.0,1.0,0.1485002549953161,0.0,0.6153846153846153,38.3546204845217,4
22.0,87.0,5.5,-4753.9238729613535,859.5936417797956,0.1166025536398184,7.276875569425521,0.7,True,0.0,1.0,1.0,0.1154258925442286,0.0,0.6153846153846153,37.69313323549996,4
22.0,88.0,5.5,-3481.8193109264025,960.2011340491688,0.0906723485830039,7.276875569425521,0.7,True,0.0,1.0,1.0,0.0894611491676389,0.0,0.6153846153846153,37.173838367968166,4
22.0,89.0,5.5,-3369.0694798137843,1061.4077587611446,0.0704030004355728,7.276875569425521,0.7,True,0.0,1.0,1.0,0.0691648028061012,0.0,0.6153846153846153,36.76791144073741,4
22.0,90.0,5.5,-4310.196622311132,1163.053636543641,0.0546047670541112,7.276875569425521,0.7,True,0.0,1.0,1.0,0.0533455266123974,0.0,0.6153846153846153,36.45152591686334,4
22.0,91.0,5.5,-3943.5045110296655,1265.0293396841844,0.0423167051870845,7.276875569425521,0.7,True,0.0,1.0,1.0,0.041041097385018,0.0,0.6153846153846153,36.20543733231575,4
22.0,92.0,5.5,-3502.885877498501,1367.2574640813102,0.0327732167322211,7.276875569425521,0.7,True,0.0,1.0,1.0,0.0314848972660817,0.0,0.6153846153846153,36.01431332993702,4
22.0,93.0,5.5,-3783.4426771630183,1469.681678479291,0.0253695867050783,7.276875569425521,0.7,True,0.0,1.0,1.0,0.0240714058074224,0.0,0.6153846153846153,35.86604350076384,4
22.0,94.0,5.5,-4731.00908069352,1572.25995520767,0.0196309105130181,7.276875569425521,0.7,True,0.0,1.0,1.0,0.0183250858565499,0.0,0.6153846153846153,35.75111710174638,4
22.0,95.0,5.5,-3438.9791598420325,1674.9602398920058,0.0151857073452299,7.276875569425521,0.7,True,0.0,1.0,1.0,0.0138739618004333,0.0,0.6153846153846153,35.66209462062405,4
22.0,96.0,5.5,-4826.724948696719,1777.7575971716522,0.0117442209558184,7.276875569425521,0.875,True,0.0,1.0,1.0,0.0104278914458291,0.0,1.0,40.20855782891658,2
22.0,97.0,5.5,-3157.668607393736,1808.0981501719489,0.0108863520974732,7.276875569425521,0.875,True,0.0,1.0,1.0,0.0095688799297652,0.0,1.0,40.19137759859531,2
22.0,98.0,5.5,-3216.3303798739503,1830.319890962906,0.0102980602429708,7.276875569425521,0.875,True,0.0,1.0,1.0,0.008979804486697,0.0,1.0,40.17959608973394,2
22.0,99.0,5.5,-4663.92035115582,1858.4996306373291,0.0095975341143359,7.276875569425521,0.875,True,0.0,1.0,1.0,0.0082783452765308,0.0,1.0,40.16556690553062,2
22.0,100.0,5.5,-3763.615402230518,1892.3707109802983,0.0088182946548272,7.276875569425521,0.875,True,0.0,1.0,1.0,0.0074980678914995,0.0,1.0,40.14996135783,2
23.0,55.0,5.5,-4671.245141055435,525.5184429694866,0.2687977321196209,7.276875569425521,0.75,True,0.0,1.0,1.0,0.2678237908147565,0.0,0.7252747252747253,42.05977251959184,4
23.0,56.0,5.5,-3718.22804967471,425.6822448169991,0.3450018112231108,7.276875569425521,0.75,True,0.0,1.0,1.0,0.3441293716551778,0.0,0.7252747252747253,43.58588413640027,1
23.0,57.0,5.5,-3866.84717496832,327.62765812547593,0.4408418232497268,7.276875569425521,0.75,True,0.0,1.0,1.0,0.4400970399411788,0.0,0.7252747252747253,45.50523750212028,1
23.0,58.0,5.5,-3978.9907589399527,233.61605555798369,0.5576408627825528,7.276875569425521,0.75,True,0.0,1.0,1.0,0.5570516525814286,0.0,0.7252747252747253,47.84432975492528,1
23.0,59.0,5.5,-3955.3946341320807,151.38516063044457,0.6849133797906517,7.276875569425521,0.75,True,0.0,1.0,1.0,0.6844936930808148,0.0,0.7252747252747253,50.39317056491301,1
23.0,60.0,5.5,-3751.387309209915,111.19492664455872,0.7573064266651235,7.276875569425521,0.7,True,0.0,1.0,1.0,0.7569831655021334,0.0,0.6153846153846153,50.52427869465805,1
23.0,61.0,5.5,-4575.282401667392,151.38516063044457,0.6849133797906517,7.276875569425521,0.7,True,0.0,1.0,1.0,0.6844936930808148,0.0,0.6153846153846153,49.074489246231686,1
23.0,62.0,5.5,-3269.57751459294,233.61605555798369,0.5576408627825528,7.276875569425521,0.7,True,0.0,1.0,1.0,0.5570516525814286,0.0,0.6153846153846153,46.52564843624396,1
23.0,63.0,5.5,-3659.944473595508,327.62765812547593,0.4408418232497268,7.276875569425521,0.7,True,0.0,1.0,1.0,0.4400970399411788,0.0,0.6153846153846153,44.18655618343897,1
23.0,64.0,5.5,-3732.246032626713,425.6822448169991,0.3450018112231108,7.276875569425521,0.7,True,0.0,1.0,1.0,0.3441293716551778,0.0,0.6153846153846153,42.26720281771895,4
23.0,65.0,5.5,-3979.911778003486,525.5184429694866,0.2687977321196209,7.276875569425521,0.7,True,0.0,1.0,1.0,0.2678237908147565,0.0,0.6153846153846153,40.74109120091052,4
23.0,66.0,5.5,-3145.0290611268406,626.2814183934456,0.2089409618761333,7.276875569425521,0.7,True,0.0,1.0,1.0,0.2078872930000117,0.0,0.6153846153846153,39.54236124461562,4
23.0,67.0,5.5,-3686.7907297776983,727.5826537777514,0.1621948912437716,7.276875569425521,0.7,True,0.0,1.0,1.0,0.161078957887589,0.0,0.6153846153846153,38.60619454236717,4
23.0,68.0,5.5,-3937.91793720004,829.2211948119351,0.1258011256239294,7.276875569425521,0.7,True,0.0,1.0,1.0,0.1246367167731625,0.0,0.6153846153846153,37.87734972007864,4
23.0,69.0,5.5,-3019.84586788114,931.0827667812224,0.0975191103150618,7.276875569425521,0.7,True,0.0,1.0,1.0,0.096317030597964,0.0,0.6153846153846153,37.31095599657467,4
23.0,70.0,5.5,-3419.6574627969176,988.8032049050108,0.0844151819812472,7.276875569425521,0.7,True,0.0,1.0,1.0,0.0831956481921082,0.0,0.6153846153846153,37.04852834845755,4
23.0,85.0,5.5,-3364.0810577699112,704.5767177273555,0.1717969892508969,7.276875569425521,0.7,True,0.0,1.0,1.0,0.1706938456250985,0.0,0.6153846153846153,38.79849229711736,4
23.0,86.0,5.5,-4009.002961343817,797.1742713307884,0.1362947201064172,7.276875569425521,0.7,True,0.0,1.0,1.0,0.1351442884348138,0.0,0.6153846153846153,38.08750115331166,4
23.0,87.0,5.5,-4457.161639765469,892.1454485451412,0.1074893376093531,7.276875569425521,0.7,True,0.0,1.0,1.0,0.1063005379607225,0.0,0.6153846153846153,37.51062614382983,4
23.0,88.0,5.5,-4118.385184958021,988.8032049050108,0.0844151819812472,7.276875569425521,0.7,True,0.0,1.0,1.0,0.0831956481921082,0.0,0.6153846153846153,37.04852834845755,4
23.0,89.0,5.5,-4176.223854987611,1086.6941292350036,0.0660901656489942,7.276875569425521,0.7,True,0.0,1.0,1.0,0.0648462234422364,0.0,0.6153846153846153,36.68153985346012,4
23.0,90.0,5.5,-4177.452914548559,1185.509231086074,0.0516237687576972,7.276875569425521,0.7,True,0.0,1.0,1.0,0.0503605577082621,0.0,0.6153846153846153,36.39182653878063,4
23.0,91.0,5.5,-3254.349792665503,1285.031698371616,0.040252657762582,7.276875569425521,0.7,True,0.0,1.0,1.0,0.0389743007061297,0.0,0.6153846153846153,36.164101398737984,4
23.0,92.0,5.5,-4764.247218382047,1385.1053636710683,0.0313430286206821,7.276875569425521,0.7,True,0.0,1.0,1.0,0.0300528041833238,0.0,0.6153846153846153,35.98567146828186,4
23.0,93.0,5.5,-4735.780598799609,1485.61508195592,0.0243788895172473,7.276875569425521,0.7,True,0.0,1.0,1.0,0.0230793890381922,0.0,0.6153846153846153,35.84620316537923,4
23.0,94.0,5.5,-4892.067194062597,1586.474162798594,0.0189455650907009,7.276875569425521,0.7,True,0.0,1.0,1.0,0.0176388275729846,0.0,0.6153846153846153,35.73739193607508,4
23.0,95.0,5.5,-4250.705440561031,1687.6161033085773,0.014712758179044,7.276875569425521,0.7,True,0.0,1.0,1.0,0.0134003826789692,0.0,0.6153846153846153,35.65262303819477,4
23.0,96.0,5.5,-3412.573314551824,1788.989015978612,0.0114190468672816,7.276875569425521,0.875,True,0.0,1.0,1.0,0.0101022842343522,0.0,1.0,40.20204568468705,2
23.0,97.0,5.5,-4939.838379799719,1890.5517888507168,0.008858485443698,7.276875569425521,0.875,True,0.0,1.0,1.0,0.0075383122133955,0.0,1.0,40.15076624426791,2
23.0,98.0,5.5,-3821.9851174916057,1938.316525916414,0.0078613941555433,7.276875569425521,0.875,True,0.0,1.0,1.0,0.0065398928270757,0.0,1.0,40.13079785654152,2
23.0,99.0,5.5,-4358.391328392665,1964.8016805733516,0.0073577271767913,7.276875569425521,0.875,True,0.0,1.0,1.0,0.0060355549777643,0.0,1.0,40.12071109955529,2
23.0,100.0,5.5,-4601.592081208162,1996.694337620183,0.0067938611673417,7.276875569425521,0.875,True,0.0,1.0,1.0,0.0054709379143024,0.0,1.0,40.10941875828605,2
24.0,55.0,5.5,-4463.269022946948,557.9488600071212,0.2478647238420945,7.276875569425521,0.75,True,0.0,1.0,1.0,0.246862900346088,0.0,0.7252747252747253,41.64055471021847,4
24.0,56.0,5.5,-3978.419899868202,465.8829234903071,0.3120139724362863,7.276875569425521,0.75,True,0.0,1.0,1.0,0.3110975939746108,0.0,0.7252747252747253,42.925248582788925,4
24.0,57.0,5.5,-4135.703501431047,379.1160587673914,0.3875966093082664,7.276875569425521,0.75,True,0.0,1.0,1.0,0.3867809048395663,0.0,0.7252747252747253,44.43891480008803,1
24.0,58.0,5.5,-4034.738989813337,302.25256012775947,0.4697139435472723,7.276875569425521,0.75,True,0.0,1.0,1.0,0.4690076171086658,0.0,0.7252747252747253,46.083449045470026,1
24.0,59.0,5.5,-4307.592921085692,244.8105584204772,0.542250939841507,7.276875569425521,0.75,True,0.0,1.0,1.0,0.5416412306864143,0.0,0.7252747252747253,47.53612131702499,1
24.0,60.0,5.5,-3978.5705852839305,222.38985328911747,0.5735130238682982,7.276875569425521,0.7,True,0.0,1.0,1.0,0.5729449549490846,0.0,0.6153846153846153,46.84351448359708,1
24.0,61.0,5.5,-4628.787488022744,244.8105584204772,0.542250939841507,7.276875569425521,0.7,True,0.0,1.0,1.0,0.5416412306864143,0.0,0.6153846153846153,46.21743999834367,1
24.0,62.0,5.5,-4645.003227230646,302.25256012775947,0.4697139435472723,7.276875569425521,0.7,True,0.0,1.0,1.0,0.4690076171086658,0.0,0.6153846153846153,44.76476772678871,1
24.0,63.0,5.5,-4254.246282987278,379.1160587673914,0.3875966093082664,7.276875569425521,0.7,True,0.0,1.0,1.0,0.3867809048395663,0.0,0.6153846153846153,43.12023348140672,4
24.0,64.0,5.5,-3611.742420947695,465.8829234903071,0.3120139724362863,7.276875569425521,0.7,True,0.0,1.0,1.0,0.3110975939746108,0.0,0.6153846153846153,41.6065672641076,4
24.0,65.0,5.5,-3817.762486574535,557.9488600071212,0.2478647238420945,7.276875569425521,0.7,True,0.0,1.0,1.0,0.246862900346088,0.0,0.6153846153846153,40.32187339153715,4
24.0,66.0,5.5,-3839.4069216929975,653.0732612627439,0.1954045697201566,7.276875569425521,0.7,True,0.0,1.0,1.0,0.1943328707420801,0.0,0.6153846153846153,39.271272799457,4
24.0,67.0,5.5,-3377.626253580402,750.0898478642594,0.1533205241727125,7.276875569425521,0.7,True,0.0,1.0,1.0,0.1521927704037321,0.0,0.6153846153846153,38.42847079269003,4
24.0,68.0,5.5,-3376.7956232561914,848.3459480088346,0.1199278616331542,7.276875569425521,0.7,True,0.0,1.0,1.0,0.1187556297563297,0.0,0.6153846153846153,37.75972797974198,4
24.0,69.0,5.5,-3556.994226016904,947.4521235499376,0.0936088537266981,7.276875569425521,0.7,True,0.0,1.0,1.0,0.0924015656553989,0.0,0.6153846153846153,37.23264669772337,4
24.0,70.0,5.5,-3347.217968024395,1028.6039621000753,0.0764200712015555,7.276875569425521,0.7,True,0.0,1.0,1.0,0.0751898881448098,0.0,0.6153846153846153,36.88841314751159,4
24.0,85.0,5.5,-4467.105375747164,761.7088721628465,0.1489309980841364,7.276875569425521,0.7,True,0.0,1.0,1.0,0.1477973975871654,0.0,0.6153846153846153,38.3405633363587,4
24.0,86.0,5.5,-3904.8288415167913,847.4991308250899,0.1201820230086047,7.276875569425521,0.7,True,0.0,1.0,1.0,0.11901012966774,0.0,0.6153846153846153,37.76481797797019,4
24.0,87.0,5.5,-3010.114090223264,936.766941229768,0.0961431210859648,7.276875569425521,0.7,True,0.0,1.0,1.0,0.0949392085890684,0.0,0.6153846153846153,37.28339955639676,4
24.0,88.0,5.5,-4920.337222841666,1028.6039621000753,0.0764200712015555,7.276875569425521,0.7,True,0.0,1.0,1.0,0.0751898881448098,0.0,0.6153846153846153,36.88841314751159,4
24.0,89.0,5.5,-4154.256115855704,1122.376229145343,0.0604498869016606,7.276875569425521,0.7,True,0.0,1.0,1.0,0.0591984319987798,0.0,0.6153846153846153,36.56858402459098,4
24.0,90.0,5.5,-4395.396301324231,1217.6331255496768,0.0476399866903789,7.276875569425521,0.7,True,0.0,1.0,1.0,0.0463714693528272,0.0,0.6153846153846153,36.31204477167193,4
24.0,91.0,5.5,-4820.032971987006,1314.048139321725,0.0374360794536073,7.276875569425521,0.7,True,0.0,1.0,1.0,0.0361539707923337,0.0,0.6153846153846153,36.10769480046206,4
24.0,92.0,5.5,-3314.14631552226,1411.3801812759166,0.0293503604060731,7.276875569425521,0.7,True,0.0,1.0,1.0,0.0280574817894727,0.0,0.6153846153846153,35.94576502040484,4
24.0,93.0,5.5,-4794.763096923369,1509.448026400463,0.0229687641617976,7.276875569425521,0.7,True,0.0,1.0,1.0,0.0216673854345626,0.0,0.6153846153846153,35.81796309330664,4
24.0,94.0,5.5,-4421.706979909474,1608.1131597072142,0.0179478867772004,7.276875569425521,0.7,True,0.0,1.0,1.0,0.0166398203794174,0.0,0.6153846153846153,35.717411792203734,4
24.0,95.0,5.5,-3620.267360286708,1707.2680649903318,0.0140073909667307,7.276875569425521,0.7,True,0.0,1.0,1.0,0.0126940759369344,0.0,0.6153846153846153,35.63849690335408,4
24.0,96.0,5.5,-4815.547297182067,1806.8280909372152,0.0109209728113689,7.276875569425521,0.875,True,0.0,1.0,1.0,0.0096035467574994,0.0,1.0,40.19207093514999,2
24.0,97.0,5.5,-3696.800274333568,1906.7257067879432,0.0085074394661145,7.276875569425521,0.875,True,0.0,1.0,1.0,0.0071867986522273,0.0,1.0,40.14373597304455,2
24.0,98.0,5.5,-3243.0551660092538,2006.90638059102,0.0066226085128064,7.276875569425521,0.875,True,0.0,1.0,1.0,0.0052994571559426,0.0,1.0,40.10598914311886,2
24.0,99.0,5.5,-3348.2582611234043,2071.601962921205,0.0056336095898627,7.276875569425521,0.875,True,0.0,1.0,1.0,0.0043091409136417,0.0,1.0,40.08618281827284,2
24.0,100.0,5.5,-3172.466003960148,2101.7006463680505,0.0052252553269664,7.276875569425521,0.875,True,0.0,1.0,1.0,0.0039002427341014,0.0,1.0,40.07800485468203,2
25.0,55.0,5.5,-3731.032645036405,609.1952531643747,0.2180593222254272,7.276875569425521,0.75,True,0.0,1.0,1.0,0.2170177987544375,0.0,0.7252747252747253,41.043652678385456,4
25.0,56.0,5.5,-4502.223622684705,526.8609789633316,0.2678970678567735,7.276875569425521,0.75,True,0.0,1.0,1.0,0.266921926891889,0.0,0.7252747252747253,42.04173524113449,4
25.0,57.0,5.5,-3193.265555243958,452.5784747826169,0.3225664275825379,7.276875569425521,0.75,True,0.0,1.0,1.0,0.3216641047008108,0.0,0.7252747252747253,43.13657879731292,4
25.0,58.0,5.5,-3622.595942043003,390.9689802428653,0.376279729556833,7.276875569425521,0.75,True,0.0,1.0,1.0,0.3754489513156403,0.0,0.7252747252747253,44.21227572960952,1
25.0,59.0,5.5,-4165.585718748898,348.81716690433234,0.4180965395506292,7.276875569425521,0.75,True,0.0,1.0,1.0,0.4173214601499347,0.0,0.7252747252747253,45.0497259062954,1
25.0,60.0,5.5,-4987.81674499735,333.5847799336762,0.4343250987516106,7.276875569425521,0.7,True,0.0,1.0,1.0,0.4335716353453113,0.0,0.6153846153846153,44.05604809152162,1
25.0,61.0,5.5,-3247.629691233936,348.81716690433234,0.4180965395506292,7.276875569425521,0.7,True,0.0,1.0,1.0,0.4173214601499347,0.0,0.6153846153846153,43.73104458761408,1
25.0,62.0,5.5,-3130.574846529837,390.9689802428653,0.376279729556833,7.276875569425521,0.7,True,0.0,1.0,1.0,0.3754489513156403,0.0,0.6153846153846153,42.8935944109282,4
25.0,63.0,5.5,-4953.49720477419,452.5784747826169,0.3225664275825379,7.276875569425521,0.7,True,0.0,1.0,1.0,0.3216641047008108,0.0,0.6153846153846153,41.81789747863161,4
25.0,64.0,5.5,-4510.309724335988,526.8609789633316,0.2678970678567735,7.276875569425521,0.7,True,0.0,1.0,1.0,0.266921926891889,0.0,0.6153846153846153,40.72305392245317,4
25.0,65.0,5.5,-4337.702455972589,609.1952531643747,0.2180593222254272,7.276875569425521,0.7,True,0.0,1.0,1.0,0.2170177987544375,0.0,0.6153846153846153,39.724971359704135,4
25.0,66.0,5.5,-4750.904074436816,696.7293771859354,0.1752006407978011,7.276875569425521,0.7,True,0.0,1.0,1.0,0.1741020307422261,0.0,0.6153846153846153,38.86665599945991,4
25.0,67.0,5.5,-3073.930198291014,787.7282735700987,0.1395516236841005,7.276875569425521,0.7,True,0.0,1.0,1.0,0.1384055301184626,0.0,0.6153846153846153,38.15272598698464,4
25.0,68.0,5.5,-3737.8944650354256,881.1153700845372,0.1104946224066922,7.276875569425521,0.7,True,0.0,1.0,1.0,0.1093098257147339,0.0,0.6153846153846153,37.57081189891007,4
25.0,69.0,5.5,-4664.346695405525,976.2016192999932,0.0871169292577198,7.276875569425521,0.7,True,0.0,1.0,1.0,0.0859009941216259,0.0,0.6153846153846153,37.10263526704791,4
25.0,70.0,5.5,-4845.560155905783,1072.5311693593726,0.068472167962323,7.276875569425521,0.7,True,0.0,1.0,1.0,0.0672313985171157,0.0,0.6153846153846153,36.7292433549577,4
25.0,85.0,5.5,-4683.4666597989735,829.8319699412878,0.125609181707497,7.276875569425521,0.7,True,0.0,1.0,1.0,0.1244445171927139,0.0,0.6153846153846153,37.87350572846967,4
25.0,86.0,5.5,-3614.462068167112,908.6487132253568,0.103144765930612,7.276875569425521,0.7,True,0.0,1.0,1.0,0.1019501794320279,0.0,0.6153846153846153,37.42361897325595,4
25.0,87.0,5.5,-3010.5755216138496,991.830387184418,0.0837787429326054,7.276875569425521,0.7,True,0.0,1.0,1.0,0.0825583614241625,0.0,0.6153846153846153,37.03578261309864,4
25.0,88.0,5.5,-3315.4752155657197,1078.3640728590997,0.0674809338727507,7.276875569425521,0.7,True,0.0,1.0,1.0,0.0662388441310057,0.0,0.6153846153846153,36.7093922672355,4
25.0,89.0,5.5,-3219.0368280490884,1167.5012056121548,0.0540009838018853,7.276875569425521,0.7,True,0.0,1.0,1.0,0.05274093913749,0.0,0.6153846153846153,36.43943416736519,4
25.0,90.0,5.5,-3470.4619497873896,1258.6851992238096,0.042993213640425,7.276875569425521,0.7,True,0.0,1.0,1.0,0.0417185069290071,0.0,0.6153846153846153,36.21898552319553,4
25.0,91.0,5.5,-4356.119578356933,1351.4981064074564,0.0340902020456772,7.276875569425521,0.7,True,0.0,1.0,1.0,0.032803636767744,0.0,0.6153846153846153,36.04068811997026,4
25.0,92.0,5.5,-4208.72938186757,1445.622406802465,0.0269423463335425,7.276875569425521,0.7,True,0.0,1.0,1.0,0.0256462603084439,0.0,0.6153846153846153,35.89754059078427,4
25.0,93.0,5.5,-3589.582835046076,1540.8138908952078,0.0212364819994438,7.276875569425521,0.7,True,0.0,1.0,1.0,0.019932795920025,0.0,0.6153846153846153,35.78327130301589,4
25.0,94.0,5.5,-3678.235885539512,1636.882408739092,0.0167023471447126,7.276875569425521,0.7,True,0.0,1.0,1.0,0.015392621722405,0.0,0.6153846153846153,35.69246781906349,4
25.0,95.0,5.5,-4758.445007786883,1733.6781217516032,0.0131124213367843,7.276875569425521,0.7,True,0.0,1.0,1.0,0.0117979142320621,0.0,0.6153846153846153,35.62057366925664,4
25.0,96.0,5.5,-3861.4619336593537,1831.0815979717693,0.0102784686410548,7.276875569425521,0.875,True,0.0,1.0,1.0,0.0089601867893062,0.0,1.0,40.17920373578613,2
25.0,97.0,5.5,-4090.865657458491,1928.9966029039108,0.0080467136973264,7.276875569425521,0.875,True,0.0,1.0,1.0,0.0067254592093901,0.0,1.0,40.134509184187806,2
25.0,98.0,5.5,-3836.700170767797,2027.344795102814,0.0062927192546417,7.276875569425521,0.875,True,0.0,1.0,1.0,0.0049691284943615,0.0,1.0,40.09938256988723,2
25.0,99.0,5.5,-4371.650755173786,2126.0617801957515,0.0049165193378846,7.276875569425521,0.875,True,0.0,1.0,1.0,0.0035910955171757,0.0,1.0,40.07182191034352,2
25.0,100.0,5.5,-3781.124589969472,2207.2921188546343,0.0040129433792198,7.276875569425521,0.875,True,0.0,1.0,1.0,0.002686316020192,0.0,1.0,40.05372632040384,2
26.0,55.0,5.5,-4538.36889987794,674.9854667533991,0.1849881209801558,7.276875569425521,0.75,True,0.0,1.0,1.0,0.1839025475789223,0.0,0.7252747252747253,40.38134765487516,4
27.0,55.0,5.5,-3798.0561399554704,751.5094523003382,0.1527773523635816,7.276875569425521,0.75,True,0.0,1.0,1.0,0.1516488751046945,0.0,0.7252747252747253,39.7362742053906,4
28.0,55.0,5.5,-4915.430765984811,835.8241608893933,0.1237415203601301,7.276875569425521,0.75,True,0.0,1.0,1.0,0.1225743681718131,0.0,0.7252747252747253,39.154784066732965,4
29.0,55.0,5.5,-4867.892755876504,925.8034466830752,0.0988147279806687,7.276875569425521,0.75,True,0.0,1.0,1.0,0.0976143739906581,0.0,0.7252747252747253,38.65558418310987,4
30.0,55.0,5.5,-3043.7248418461063,1019.9491918367178,0.0780915845961606,7.276875569425521,0.75,True,0.0,1.0,1.0,0.0768636279492718,0.0,0.7252747252747253,38.24056926228214,4
31.0,55.0,5.5,-3095.40492288497,1117.2085417567455,0.0612359187227627,7.276875569425521,0.75,True,0.0,1.0,1.0,0.0599855107926432,0.0,0.7252747252747253,37.903006919149576,4
32.0,55.0,5.5,-3483.293247437796,1216.835085649862,0.0477351280926282,7.276875569425521,0.75,True,0.0,1.0,1.0,0.0464667374808068,0.0,0.7252747252747253,37.63263145291284,4
33.0,55.0,5.5,-3744.137584578592,1318.2922013958223,0.0370409765989432,7.276875569425521,0.75,True,0.0,1.0,1.0,0.0357583416715368,0.0,0.7252747252747253,37.41846353672744,4
34.0,55.0,5.5,-3470.004909931498,1421.1878463104945,0.0286394650416856,7.276875569425521,0.75,True,0.0,1.0,1.0,0.0273456395320171,0.0,0.7252747252747253,37.25020949393705,4
35.0,55.0,5.5,-3505.117632508528,1525.2308584317748,0.022080130526169,7.276875569425521,0.75,True,0.0,1.0,1.0,0.0207775681633784,0.0,0.7252747252747253,37.11884806656428,4
